Month,Food CPI,Subsidy_Index,TRI_norm,FAO Food Price Index,FAO Meat,FAO Dairy Index,FAO Cereals Index,FAO Oils Index,FAO Sugar Index,UCSB CHIRPS Rainfall: avg,Groundnut oil ** ($/mt),Palm oil ($/mt),Palm kernel oil ($/mt),Soybean oil ($/mt),Sunflower oil ($/mt),Maize ($/mt),Sorghum ($/mt),"Rice, Thai 5%  ($/mt)","Rice, Thai 25%  ($/mt)","Rice, Thai A.1 ($/mt)","Rice, Viet Namese 5% ($/mt)","Wheat, US SRW ($/mt)","Wheat, US HRW ($/mt)",Beef ** ($/kg),Chicken ** ($/kg),Lamb ** ($/kg),"Sugar, EU ($/kg)","Sugar, world ($/kg)",EUR/USD,"Crude oil, average ($/bbl)","Crude oil, Brent ($/bbl)","Crude oil, WTI ($/bbl)"
Jan-2000,-5.34,0.737463002,0.0,52.8,60.6,50.2,52.1,48.58,34.7,0.072852759,676.08,348.0,628.0,369.79,596.9464798180675,93.29,89.34,241.4,201.6,158.2,204.02353721434181,98.56,105.83,1.95,1.28,2.73,0.6,0.12,1.013695238,25.31,25.38,27.27
Feb-2000,-2.19,0.737463002,0.0,52.5,60.9,50.4,52.2,46.37,32.7,0.039143261,687.63,332.0,580.0,357.94,596.9464798180675,95.15,89.89,241.0,199.0,156.67,204.02353721434181,100.06,107.93,1.96,1.27,2.7,0.59,0.12,0.98342381,27.22,27.7,29.28
Mar-2000,5.86,0.737463002,1.0,53.1,62.8,50.1,51.7,47.82,31.8,0.928009444,733.28,349.0,556.0,363.49,596.9464798180675,95.05,91.73,225.75,187.5,151.5,204.02353721434181,97.19,105.7,1.98,1.26,2.7,0.58,0.11,0.964343478,27.49,27.47,29.92
Apr-2000,-1.2,0.737463002,1.0,53.7,62.3,50.4,51.8,49.5,37.3,2.045893833,789.81,372.0,557.0,366.24,596.9464798180675,95.2,90.58,214.75,179.75,148.0,204.02353721434181,95.19,105.11,1.98,1.26,2.7,0.58,0.13,0.94695,23.47,22.54,25.84
May-2000,-0.32,0.737463002,1.0,54.0,63.3,50.9,52.8,44.49,42.8,3.444137343,793.66,324.0,483.0,337.97,596.9464798180675,96.35,95.02,198.6,168.8,143.6,204.02353721434181,104.28,112.14,1.99,1.27,2.56,0.55,0.15,0.905968182,27.19,27.34,28.83
Jun-2000,3.5,0.737463002,1.0,54.2,63.0,53.8,51.4,42.93,51.8,4.927750678,783.14,315.0,436.0,330.17,596.9464798180675,84.33,79.76,196.0,166.75,139.5,204.02353721434181,99.28,113.51,1.93,1.3,2.57,0.55,0.18,0.949177273,29.62,29.68,31.86
Jul-2000,1.42,0.737463002,1.0,54.4,62.7,55.6,49.8,42.67,59.6,6.236886463,771.62,312.0,401.0,339.3,596.9464798180675,75.27,73.72,189.0,165.6,142.8,204.02353721434181,91.17,108.98,1.9,1.32,2.58,0.55,0.21,0.939657143,28.18,28.53,29.97
Aug-2000,-0.79,0.737463002,1.0,53.5,60.3,56.0,48.6,41.7,64.6,7.248123189,754.36,306.0,366.0,328.92,596.9464798180675,75.58,76.81,186.5,164.25,143.75,204.02353721434181,90.87,108.36,1.89,1.33,2.58,0.55,0.23,0.904056522,29.26,29.43,31.31
Sep-2000,-1.27,0.737463002,1.0,52.9,59.4,57.4,49.4,38.47,62.1,6.050729374,760.59,288.0,326.0,312.49,596.9464798180675,80.43,82.7,179.0,161.0,143.67,204.02353721434181,97.88,117.49,1.81,1.36,2.48,0.52,0.22,0.872114286,32.08,32.62,33.89
Oct-2000,3.0,0.737463002,1.0,53.7,59.5,59.1,51.2,36.38,66.5,2.733754369,754.58,255.0,318.0,314.02,596.9464798180675,85.03,89.92,187.5,163.25,136.75,204.02353721434181,104.33,128.18,1.82,1.36,2.54,0.53,0.24,0.855159091,31.4,30.93,33.05
Nov-2000,4.08,0.737463002,1.0,54.2,60.4,59.6,52.1,37.67,61.5,0.124236528,769.61,257.0,354.0,316.78,596.9464798180675,89.17,96.12,185.0,158.0,127.75,204.02353721434181,103.21,127.73,1.97,1.36,2.59,0.52,0.22,0.856386364,32.33,32.52,34.37
Dec-2000,8.37,0.737463002,1.0,54.8,60.4,60.1,53.7,38.14,62.0,0.068232778,806.79,265.0,317.0,320.57,596.9464798180675,97.56,100.45,184.25,158.25,129.5,204.02353721434181,104.95,128.09,1.93,1.36,2.69,0.53,0.22,0.897315789,25.2,25.13,28.4
Jan-2001,3.53,0.775570825,1.0,54.1,58.3,59.7,53.9,37.27,63.9,0.023493619,815.71,254.0,304.0,304.81,596.9464798180675,95.15,101.08,184.4,158.2,134.2,204.02353721434181,110.37,132.84,1.93,1.36,2.78,0.53,0.23,0.938281818,25.96,25.64,29.55
Feb-2001,0.84,0.775570825,1.0,54.6,62.0,59.5,53.0,35.83,61.1,0.087716547,811.08,240.0,269.0,303.78,596.9464798180675,91.97,97.69,184.5,156.25,134.25,204.02353721434181,106.74,128.11,1.92,1.36,2.86,0.53,0.22,0.921705,27.24,27.41,29.57
Mar-2001,1.42,0.775570825,1.0,55.5,64.9,59.7,52.2,38.2,57.4,0.520686755,780.64,254.0,278.0,327.63,596.9464798180675,90.25,95.6,175.0,146.25,125.5,204.02353721434181,103.49,130.2,1.98,1.37,2.94,0.53,0.2,0.909522727,25.02,24.4,27.24
Apr-2001,0.82,0.775570825,1.0,55.0,65.3,59.5,51.0,38.03,54.1,1.864009749,744.85,251.0,281.0,326.01,596.9464798180675,87.99,94.3,163.75,139.0,120.75,204.02353721434181,101.09,129.67,1.98,1.37,3.0,0.56,0.19,0.892,25.72,25.64,27.42
May-2001,2.99,0.775570825,1.0,55.8,65.6,62.0,51.7,36.57,59.3,4.42088256,727.53,234.0,292.0,295.17,596.9464798180675,84.09,94.84,164.33,141.67,123.0,204.02353721434181,102.55,134.86,2.01,1.39,2.92,0.52,0.21,0.874163636,27.55,28.45,28.61
Jun-2001,0.0,0.775570825,1.0,55.2,63.8,62.4,51.0,38.85,56.0,5.219439235,727.53,255.0,312.0,286.89,596.9464798180675,83.31,89.54,168.0,148.5,129.75,204.02353721434181,97.42,127.23,2.05,1.4,2.81,0.51,0.2,0.853166667,26.97,27.72,27.56
Jul-2001,3.05,0.775570825,1.0,56.9,64.1,62.9,51.7,47.44,54.4,4.94720838,723.02,330.0,352.0,421.36,596.9464798180675,91.73,94.47,169.4,152.4,137.2,204.02353721434181,107.98,123.79,2.12,1.42,2.76,0.52,0.19,0.860663636,24.8,24.54,26.44
Aug-2001,1.16,0.775570825,1.0,57.0,64.4,62.5,51.6,50.02,50.2,6.340678759,738.07,362.0,350.0,427.49,596.9464798180675,93.14,95.13,168.25,153.0,140.75,204.02353721434181,105.91,121.92,2.21,1.45,2.77,0.53,0.18,0.900482609,25.82,25.7,27.45
Sep-2001,3.27,0.775570825,1.0,55.8,64.3,62.1,51.2,45.4,47.3,6.795001095,749.57,310.0,316.0,385.09,596.9464798180675,90.08,94.63,173.0,161.0,148.33,204.02353721434181,107.57,122.03,2.36,1.47,2.99,0.53,0.17,0.911095,25.21,25.54,26.12
Oct-2001,2.39,0.775570825,1.0,54.5,62.4,62.8,51.0,43.3,42.0,1.070743578,761.6,277.0,281.65,373.03,596.9464798180675,86.56,94.96,170.6,158.2,146.2,204.02353721434181,115.01,123.34,2.27,1.45,3.01,0.53,0.15,0.905865217,20.73,20.48,22.18
Nov-2001,4.69,0.775570825,0.5,55.1,60.6,60.6,51.9,48.27,47.5,0.139947895,759.59,323.0,318.77,390.69,596.9464798180675,89.54,94.69,173.5,159.25,135.0,204.02353721434181,116.36,125.27,2.28,1.42,3.03,0.53,0.17,0.888309091,18.69,18.94,19.59
Dec-2001,4.7,0.775570825,0.5,54.6,59.2,56.9,52.0,50.61,48.5,0.048063591,771.62,359.5,309.19,396.87,596.9464798180675,91.88,95.87,179.33,163.0,134.33,204.02353721434181,118.2,122.44,2.16,1.39,3.08,0.53,0.17,0.892372222,18.52,18.6,19.31
Jan-2002,4.32,0.832732558,0.5,53.8,59.4,53.0,51.7,49.26,48.2,0.050464123,684.39,373.8,328.57,389.18,596.9464798180675,91.98,95.42,191.75,173.5,142.5,204.02353721434181,121.68,125.31,2.21,1.39,3.12,0.52,0.17,0.883286364,19.15,19.49,19.69
Feb-2002,8.14,0.832732558,0.5,52.0,57.6,52.8,50.4,47.79,40.5,0.104656565,617.29,352.98,356.0,364.92,611.2467945977606,90.82,92.87,195.33,172.33,143.75,204.02353721434181,113.38,123.28,2.23,1.39,3.11,0.52,0.14,0.870035,19.98,20.29,20.72
Mar-2002,4.96,0.832732558,0.5,52.3,60.1,50.7,49.6,47.62,41.4,1.087934672,598.92,359.0,353.24,359.21,611.2467945977606,89.61,91.66,189.0,171.5,151.25,204.02353721434181,116.62,122.54,2.35,1.38,3.1,0.52,0.15,0.8758,23.64,23.69,24.38
Apr-2002,6.63,0.832732558,0.5,51.4,57.2,48.9,49.3,48.97,42.6,1.916392456,590.24,360.07,405.0,370.86,611.2467945977606,87.13,88.9,190.2,171.6,148.4,204.02353721434181,112.99,123.72,2.25,1.38,3.15,0.53,0.15,0.885842857,25.43,25.65,26.24
May-2002,3.25,0.832732558,0.5,50.8,56.2,44.8,50.2,51.64,37.6,3.752430844,599.56,384.91,418.3,399.89,611.2467945977606,90.27,89.84,197.5,177.0,148.0,204.02353721434181,110.91,121.46,2.12,1.4,3.18,0.53,0.13,0.917,25.67,25.39,27.04
Jun-2002,8.48,0.832732558,0.5,51.6,56.3,42.9,52.0,55.8,35.6,6.10147154,645.95,426.13,439.0,456.81,611.2467945977606,94.09,88.74,202.67,182.33,149.0,204.02353721434181,115.44,132.03,2.06,1.41,3.24,0.54,0.13,0.95544,24.49,24.13,25.51
Jul-2002,12.71,0.832732558,0.5,52.3,55.9,40.6,54.6,56.15,39.5,6.357239699,704.52,422.22,432.61,489.63,611.2467945977606,98.69,100.81,199.6,181.0,152.4,204.02353721434181,123.5,149.31,2.13,1.42,3.39,0.57,0.14,0.992182609,25.75,25.77,26.92
Aug-2002,7.69,0.832732558,0.5,53.7,55.8,40.1,58.1,59.65,39.0,7.910237764,758.59,446.09,433.36,502.75,611.2467945977606,108.93,113.78,190.33,175.0,148.33,204.02353721434181,130.05,161.26,2.1,1.41,3.37,0.56,0.14,0.977759091,26.78,26.63,28.37
Sep-2002,2.81,0.832732558,0.5,55.1,55.1,41.6,63.8,56.68,43.1,5.479428915,794.71,424.76,414.57,505.67,611.2467945977606,114.14,117.01,186.6,172.2,148.8,204.02353721434181,151.84,187.84,2.04,1.41,3.44,0.57,0.15,0.980795238,28.28,28.34,29.67
Oct-2002,2.52,0.832732558,0.5,55.5,53.5,42.9,64.4,58.76,46.5,3.71027318,816.19,427.24,423.09,528.57,611.2467945977606,109.7,113.56,186.25,174.0,157.25,204.02353721434181,156.82,190.32,1.9,1.39,3.47,0.57,0.17,0.981108696,27.53,27.55,28.85
Nov-2002,4.28,0.832732558,0.5,56.6,53.9,45.5,63.0,63.91,48.5,0.277795426,870.83,465.02,456.48,582.0,596.9464798180675,108.93,115.05,186.75,175.25,158.25,204.02353721434181,160.02,177.38,1.91,1.36,3.51,0.58,0.17,1.001361905,24.54,24.18,26.28
Dec-2002,0.02,0.832732558,0.5,56.0,52.3,49.3,59.8,65.51,49.2,0.052388751,952.0,488.52,489.95,591.03,596.9464798180675,106.96,113.26,186.5,174.0,154.25,204.02353721434181,146.24,162.48,2.01,1.36,3.57,0.58,0.18,1.018255,27.89,28.52,29.44
Jan-2003,5.1,0.244624736,0.5,56.2,53.9,51.3,58.0,64.32,50.7,0.141508413,970.03,486.11,491.65,540.72,596.9464798180675,106.14,110.78,200.75,185.25,152.0,204.02353721434181,137.53,149.61,2.04,1.37,3.6,0.59,0.18,1.062186364,30.75,31.25,32.95
Feb-2003,3.73,0.244624736,0.5,56.9,55.1,53.1,57.8,62.35,55.7,0.445366408,1016.45,476.95,472.75,522.43,596.9464798180675,105.85,109.21,198.75,182.0,150.25,204.02353721434181,140.77,150.84,1.99,1.39,3.58,0.59,0.2,1.077295,32.88,32.65,35.8
Mar-2003,-1.34,0.244624736,0.5,55.9,55.7,53.7,56.5,59.23,50.9,0.537620388,1039.32,453.55,429.14,522.52,596.9464798180675,105.6,106.79,197.0,180.25,147.0,204.02353721434181,129.36,141.81,2.02,1.41,3.52,0.58,0.18,1.080652381,30.36,30.34,33.32
Apr-2003,-2.51,0.244624736,0.0,55.9,56.7,52.7,56.4,59.57,48.0,3.458522912,1064.23,443.02,395.23,540.9,596.9464798180675,105.46,106.81,195.0,178.6,141.4,204.02353721434181,125.8,138.62,1.97,1.4,3.5,0.58,0.17,1.08476,25.56,25.02,28.22
May-2003,-2.63,0.244624736,0.0,56.7,57.4,52.6,58.2,61.09,44.4,3.637387218,1147.41,453.82,409.23,549.24,596.9464798180675,107.49,104.96,198.0,180.75,142.5,204.02353721434181,129.15,141.96,1.88,1.42,3.74,0.59,0.16,1.158180952,26.06,25.81,28.13
Jun-2003,-6.25,0.244624736,0.0,56.4,57.3,52.6,57.7,61.96,41.6,6.179393023,1234.59,466.21,435.14,545.85,596.9464798180675,107.33,97.58,203.4,186.2,151.2,204.02353721434181,126.28,131.35,1.87,1.45,4.03,0.61,0.15,1.166280952,27.92,27.55,30.71
Jul-2003,-10.71,0.244624736,0.0,57.1,61.5,53.2,56.5,58.84,42.3,6.254401214,1261.43,457.72,414.65,531.41,596.9464798180675,96.81,89.77,198.5,182.25,150.25,204.02353721434181,128.95,131.62,1.91,1.49,3.94,0.59,0.15,1.137182609,28.59,28.4,30.75
Aug-2003,-7.31,0.244624736,0.0,57.8,61.4,53.6,59.9,57.09,42.3,9.232177391,1299.68,439.36,401.48,515.69,596.9464798180675,100.66,104.09,195.0,178.5,150.0,204.02353721434181,144.17,148.72,2.11,1.51,3.92,0.58,0.15,1.113866667,29.68,29.83,31.58
Sep-2003,-2.31,0.244624736,0.0,59.0,63.7,55.2,60.5,59.33,37.0,8.1148546,1329.79,440.91,429.27,558.02,596.9464798180675,104.08,109.13,197.6,180.0,154.6,204.02353721434181,138.36,145.62,2.27,1.53,3.98,0.59,0.13,1.122172727,26.88,27.1,28.28
Oct-2003,0.51,0.244624736,0.0,60.6,63.6,57.6,60.6,67.39,36.9,3.017925393,1359.2,515.07,500.7,608.26,596.9464798180675,105.39,108.27,195.75,181.5,157.0,204.02353721434181,142.82,147.46,2.33,1.51,4.16,0.61,0.13,1.169191304,29.01,29.59,30.32
Nov-2003,-1.81,0.244624736,0.0,62.0,62.9,58.6,64.8,68.83,37.6,0.648374766,1388.91,548.0,521.75,630.62,596.9464798180675,108.48,114.23,193.4,179.8,158.4,204.02353721434181,160.94,160.55,2.59,1.51,4.22,0.61,0.13,1.170195,29.12,28.77,31.09
Dec-2003,-2.15,0.244624736,0.0,62.9,62.5,59.7,65.7,71.56,38.9,0.077585608,1402.33,539.72,583.48,637.36,596.9464798180675,111.16,116.8,198.25,185.5,163.0,208.59187647577858,158.77,165.57,2.55,1.52,4.42,0.64,0.14,1.228561905,29.97,29.93,32.12
Jan-2004,-2.44,0.254151691,0.0,64.7,67.2,60.9,66.9,71.22,35.9,0.178514095,1433.0,527.23,569.45,656.97,596.9464798180675,115.52,121.67,212.75,198.0,171.0,208.59187647577858,155.89,166.33,2.54,1.53,4.39,0.67,0.13,1.261319048,31.37,31.18,34.24
Feb-2004,-2.34,0.254151691,0.0,65.5,65.1,64.3,67.5,76.06,36.2,0.288463188,1433.0,564.13,614.0,682.08,596.9464798180675,123.54,126.19,213.25,200.0,181.75,208.59187647577858,157.49,161.39,2.39,1.58,4.73,0.68,0.13,1.264645,31.33,30.87,34.73
Mar-2004,-1.55,0.254151691,0.0,67.1,67.6,65.2,68.5,76.73,40.0,0.464708306,1356.32,583.52,678.7,689.43,578.0,127.85,130.17,237.8,225.6,207.4,208.59187647577858,156.51,166.28,2.34,1.61,4.63,0.67,0.14,1.226165217,33.67,33.8,36.73
Apr-2004,-1.8,0.254151691,0.0,67.7,67.5,65.8,70.2,76.45,40.7,2.741643832,1322.77,575.05,737.05,672.46,557.0,133.5,128.6,240.75,229.25,215.0,208.59187647577858,157.24,166.58,2.43,1.65,4.57,0.66,0.15,1.19854,33.71,33.36,36.71
May-2004,-0.83,0.254151691,0.0,66.8,67.0,67.8,68.8,73.52,39.2,4.210756664,1322.77,537.17,724.29,627.96,552.0,128.22,118.55,232.0,222.0,212.8,208.59187647577858,148.31,163.73,2.68,1.69,4.49,0.65,0.14,1.20072381,37.56,37.92,40.29
Jun-2004,-0.23,0.254151691,0.0,66.4,69.9,70.7,66.4,66.06,42.9,4.930059801,1264.65,471.2,639.45,581.74,574.0,123.32,115.85,229.0,219.75,212.5,208.59187647577858,137.21,154.74,2.76,1.76,4.55,0.67,0.15,1.213831818,35.54,35.19,38.03
Jul-2004,0.63,0.254151691,0.0,65.8,71.6,72.6,60.7,64.82,49.0,7.114941138,1247.11,454.77,637.73,605.08,595.0,104.85,96.73,230.75,221.0,210.0,208.59187647577858,131.63,150.6,2.81,1.78,4.59,0.67,0.17,1.226586364,37.89,38.37,40.82
Aug-2004,0.46,0.254151691,0.0,64.8,69.8,72.7,59.1,65.44,46.9,6.304018981,1234.59,458.14,640.68,604.65,595.0,104.05,103.07,239.0,228.2,212.4,208.59187647577858,129.13,141.29,2.92,1.77,4.53,0.67,0.17,1.217595455,42.08,43.03,44.92
Sep-2004,1.58,0.254151691,0.0,65.4,70.2,73.3,60.0,66.27,47.6,6.42592211,1213.59,468.09,669.09,601.6,610.0,97.87,99.67,235.25,224.5,206.25,204.02353721434181,138.19,151.03,2.93,1.72,4.51,0.66,0.17,1.221781818,41.6,43.38,45.93
Oct-2004,-2.35,0.254151691,0.0,64.9,68.2,73.8,59.3,65.8,52.3,2.306181724,1212.54,451.26,657.05,583.49,610.0,93.79,93.78,244.0,230.25,201.25,204.02353721434181,141.44,150.15,2.79,1.68,4.58,0.66,0.19,1.248966667,46.88,49.82,53.25
Nov-2004,-0.46,0.254151691,0.0,65.7,69.2,75.1,60.0,66.94,50.5,1.033582584,1225.57,454.61,664.91,561.19,610.0,93.75,92.35,259.2,244.8,211.6,204.02353721434181,140.82,156.57,2.77,1.65,4.71,0.68,0.18,1.299136364,42.13,43.05,48.45
Dec-2004,1.17,0.254151691,0.0,66.0,69.9,75.8,60.5,66.02,51.0,0.055848452,1233.63,446.2,657.0,552.06,610.0,95.39,90.69,278.25,261.75,219.75,204.02353721434181,139.46,153.87,2.71,1.62,4.89,0.71,0.18,1.34076087,39.04,39.64,43.23
Jan-2005,2.87,0.263678647,0.0,65.8,69.9,76.2,60.5,63.15,54.0,0.041997502,1234.59,418.86,641.19,519.98,610.0,96.25,89.98,287.0,268.6,226.2,204.02353721434181,142.47,153.59,2.69,1.62,4.76,0.69,0.19,1.311928571,42.97,44.28,46.82
Feb-2005,4.47,0.263678647,0.0,66.2,71.1,76.7,60.3,62.27,56.3,0.560728857,1234.59,422.63,649.4,495.73,612.0,94.14,92.29,290.0,270.5,231.75,204.02353721434181,141.62,151.17,2.7,1.63,4.79,0.69,0.2,1.301425,44.82,45.56,47.96
Mar-2005,11.65,0.263678647,0.0,67.5,71.7,77.0,61.5,66.74,55.0,1.449576537,1234.59,458.13,722.61,543.69,595.0,99.88,96.43,292.75,272.5,230.0,204.02353721434181,152.16,150.99,2.75,1.63,4.8,0.7,0.2,1.320066667,50.94,53.08,54.17
Apr-2005,8.97,0.263678647,0.0,66.0,70.4,76.2,59.5,65.07,53.2,1.774065589,1223.04,457.86,684.33,545.88,565.0,96.28,93.01,297.25,276.25,225.5,204.02353721434181,132.14,140.88,2.74,1.63,4.72,0.69,0.19,1.293790476,50.64,51.86,52.96
May-2005,8.76,0.263678647,0.0,66.5,72.6,76.5,59.4,64.23,53.1,3.307718198,1212.54,450.0,648.09,537.98,578.0,95.42,96.23,293.8,272.6,220.4,204.02353721434181,133.13,143.33,2.77,1.64,4.54,0.68,0.19,1.269395455,47.83,48.67,49.81
Jun-2005,11.27,0.263678647,0.0,67.4,73.6,76.4,60.2,64.64,56.0,5.6729975,1198.51,451.7,644.0,560.15,595.0,97.1,97.07,285.0,262.5,210.75,204.02353721434181,131.06,141.93,2.78,1.64,4.39,0.67,0.2,1.216490909,53.89,54.31,56.39
Jul-2005,12.26,0.263678647,0.0,67.7,72.6,77.1,61.2,64.44,59.7,7.354079341,1178.95,454.52,614.52,561.26,609.0,107.52,105.6,276.75,256.5,207.25,204.02353721434181,130.85,143.87,2.81,1.65,4.23,0.64,0.21,1.203719048,56.37,57.58,58.67
Aug-2005,14.78,0.263678647,0.0,67.6,72.8,78.3,60.9,62.51,61.5,5.8199499,1165.1,448.48,555.22,550.08,575.0,101.67,100.09,282.8,261.4,212.8,204.02353721434181,131.77,149.36,2.76,1.65,4.33,0.66,0.22,1.229243478,61.89,64.09,64.96
Sep-2005,12.14,0.263678647,0.0,68.6,73.9,78.7,61.5,64.0,63.8,5.434207575,1168.45,453.64,576.14,545.16,543.0,96.35,97.37,285.25,264.25,215.5,204.02353721434181,128.24,159.71,2.75,1.66,4.32,0.66,0.23,1.225640909,61.69,62.98,65.54
Oct-2005,12.6,0.263678647,0.0,69.5,73.8,78.5,62.1,66.81,68.8,2.418370299,1129.08,467.5,623.33,578.62,545.0,101.94,97.39,286.4,265.2,217.4,204.02353721434181,135.26,167.83,2.7,1.64,4.2,0.64,0.25,1.201452381,58.19,58.52,62.36
Nov-2005,8.3,0.263678647,0.0,69.0,74.1,78.0,60.6,65.44,70.4,0.28319894,1036.17,466.7,620.23,558.93,615.0,95.37,92.57,277.75,257.25,209.5,204.02353721434181,132.35,161.12,2.7,1.6,4.1,0.63,0.25,1.178572727,55.04,55.54,58.28
Dec-2005,5.15,0.263678647,0.0,69.8,74.4,76.9,61.5,63.49,82.6,0.076312868,1036.17,456.75,590.8,537.66,628.0,102.14,96.56,280.5,257.0,206.75,204.02353721434181,137.59,164.44,2.65,1.57,4.1,0.64,0.29,1.185609524,56.43,56.75,59.41
Jan-2006,6.94,0.2639276521785504,-0.00033561021834404095,69.8,71.2,74.3,62.7,63.67,97.5,0.187777701,1029.16,459.05,606.02,535.83,660.0,102.65,100.64,291.25,266.25,211.0,204.02353721434181,144.16,167.16,2.62,1.54,4.02,0.65,0.35,1.210313636,62.46,63.57,65.48
Feb-2006,-0.04,0.2639276521785504,-0.00033561021834404095,70.8,68.8,74.5,64.8,64.99,111.1,0.286000619,993.18,473.9,621.13,533.27,689.0,107.13,106.07,301.5,274.75,216.75,204.02353721434181,149.25,179.84,2.65,1.53,3.98,0.64,0.4,1.193835,59.7,59.92,61.62
Mar-2006,-3.06,0.2639276521785504,-0.00033561021834404095,69.8,68.0,73.1,63.9,65.16,106.7,1.092036536,961.89,472.52,590.0,540.6,731.0,105.25,103.66,303.5,274.5,216.5,204.02353721434181,142.66,174.44,2.62,1.51,3.88,0.64,0.38,1.202,60.93,62.25,62.89
Apr-2006,2.0,0.2639276521785504,-0.00033561021834404095,70.1,67.4,71.6,65.1,66.76,108.2,1.336721513,936.96,475.9,573.75,540.44,712.0,107.72,109.35,302.25,271.5,218.5,204.02353721434181,140.82,180.35,2.6,1.49,3.93,0.65,0.39,1.227116667,67.97,70.44,69.41
May-2006,3.86,0.2639276521785504,-0.00033561021834404095,71.3,69.0,71.3,67.8,68.28,104.1,4.288102274,936.96,483.72,558.26,588.29,696.0,110.65,113.76,308.0,276.0,219.4,204.02353721434181,150.92,193.17,2.62,1.5,4.2,0.68,0.37,1.276959091,68.68,70.19,70.93
Jun-2006,-0.73,0.2639276521785504,-0.00033561021834404095,71.4,71.3,71.0,67.8,67.94,95.3,4.166536329,957.01,478.16,534.77,600.55,684.0,109.4,111.88,312.5,280.5,216.5,204.02353721434181,140.14,195.16,2.57,1.52,4.19,0.67,0.34,1.264995455,68.29,68.86,70.93
Jul-2006,-5.69,0.2639276521785504,-0.00033561021834404095,73.2,72.7,71.3,69.9,70.45,99.3,4.97567289,990.51,499.21,555.71,630.01,632.0,113.99,119.99,315.4,286.6,218.6,204.02353721434181,143.85,202.43,2.62,1.54,4.14,0.63,0.35,1.268366667,72.45,73.9,74.4
Aug-2006,-6.78,0.2639276521785504,-0.00033561021834404095,73.1,74.8,70.3,69.6,73.55,83.2,7.12965904,1041.92,534.26,566.85,632.18,624.0,116.59,114.44,312.67,284.33,220.0,204.02353721434181,148.36,189.91,2.66,1.55,4.12,0.64,0.3,1.281130435,71.81,73.61,73.04
Sep-2006,-0.95,0.2639276521785504,-0.00033561021834404095,73.2,75.3,70.3,72.5,71.7,74.8,7.120932346,1079.22,511.24,543.57,602.35,632.0,121.75,119.55,309.2,282.8,224.4,204.02353721434181,166.89,195.98,2.68,1.56,4.0,0.63,0.27,1.272742857,62.12,62.77,63.82
Oct-2006,-3.76,0.2639276521785504,-0.00033561021834404095,75.1,74.3,71.9,79.9,72.7,72.0,3.051052026,1102.31,514.18,557.61,614.71,657.0,142.17,138.23,301.0,274.75,223.5,204.02353721434181,197.77,212.09,2.69,1.54,3.98,0.63,0.26,1.261104545,57.91,58.38,58.85
Nov-2006,-1.31,0.2639276521785504,-0.00033561021834404095,77.7,72.6,75.4,85.3,78.35,72.9,0.288425392,1102.31,571.57,594.43,675.67,701.0,164.54,167.09,296.25,273.25,220.75,204.02353721434181,192.94,209.68,2.77,1.52,3.95,0.64,0.26,1.288140909,58.14,58.48,59.13
Dec-2006,3.51,0.2639276521785504,-0.00033561021834404095,78.8,71.3,81.7,85.4,83.01,71.6,0.034180277,1102.31,625.88,640.71,698.12,727.0,160.38,170.61,305.0,280.25,228.25,204.02353721434181,189.85,204.31,2.7,1.53,4.06,0.66,0.26,1.321278947,60.99,62.31,62.0
Jan-2007,-0.16,0.2639276521785504,-0.00033561021834404095,78.5,70.7,84.2,85.1,82.27,67.8,0.009996194,1071.64,637.59,649.13,697.33,724.0,164.77,175.05,313.0,286.6,243.8,204.02353721434181,175.98,196.07,2.69,1.57,3.98,0.65,0.24,1.299863636,53.52,54.3,54.24
Feb-2007,4.17,0.2639276521785504,-0.00033561021834404095,80.0,72.2,88.3,87.0,82.87,65.4,0.365385606,1016.33,645.2,676.75,715.04,699.0,177.35,180.64,315.0,291.75,257.5,204.02353721434181,176.46,199.98,2.71,1.63,3.94,0.65,0.23,1.30742,57.56,57.76,59.25
Mar-2007,1.44,0.2639276521785504,-0.00033561021834404095,81.1,73.9,91.8,86.4,84.42,64.6,0.808379262,1055.21,660.93,701.14,719.03,695.0,170.51,169.96,318.67,299.33,262.33,204.02353721434181,168.54,199.1,2.69,1.68,3.9,0.66,0.23,1.324186364,60.6,62.14,60.6
Apr-2007,-3.02,0.2639276521785504,-0.00033561021834404095,83.9,75.8,102.0,85.1,92.76,60.2,2.473234246,1078.17,743.45,797.26,753.7,714.0,152.75,149.52,316.5,296.0,258.5,204.02353721434181,175.27,198.31,2.69,1.72,4.0,0.67,0.21,1.351615789,65.06,67.4,63.94
May-2007,-6.07,0.2639276521785504,-0.00033561021834404095,86.5,77.5,105.3,86.6,100.25,58.4,4.891263297,1169.41,816.09,866.85,788.7,695.0,160.23,150.01,317.6,295.8,255.4,204.02353721434181,180.78,195.72,2.7,1.75,3.99,0.67,0.21,1.351131818,65.16,67.48,63.45
Jun-2007,-3.66,0.2639276521785504,-0.00033561021834404095,91.4,78.8,121.0,91.9,104.92,57.5,5.399031839,1268.18,833.19,968.33,835.55,700.0,165.25,154.79,323.25,300.5,257.0,204.02353721434181,205.03,223.04,2.68,1.78,3.99,0.67,0.2,1.341857143,68.19,71.32,67.49
Jul-2007,-2.16,0.2639276521785504,-0.00033561021834404095,95.5,79.9,135.0,94.9,108.58,62.9,6.355980834,1404.95,854.52,919.55,887.12,706.0,146.84,138.47,328.8,306.8,260.4,204.02353721434181,225.61,238.41,2.67,1.79,4.09,0.68,0.22,1.371559091,73.6,77.2,74.14
Aug-2007,-4.48,0.2639276521785504,-0.00033561021834404095,99.1,79.9,141.5,102.1,112.8,60.7,9.09510303,1472.3,830.65,904.02,921.79,708.0,151.17,150.28,327.5,306.5,264.5,204.02353721434181,253.9,259.73,2.69,1.79,4.11,0.68,0.22,1.362247826,70.13,70.8,72.38
Sep-2007,-5.35,0.2639276521785504,-0.00033561021834404095,105.3,81.4,145.1,117.2,118.25,60.4,6.809623519,1523.39,851.63,926.63,977.48,682.0,159.44,163.31,325.0,306.25,272.25,204.02353721434181,322.98,326.54,2.69,1.8,4.3,0.69,0.22,1.389645,76.76,77.13,79.91
Oct-2007,5.06,0.2639276521785504,-0.00033561021834404095,107.9,80.1,148.0,121.3,125.85,61.9,2.181480875,1633.34,926.2,999.67,1007.69,683.0,164.16,163.19,329.2,313.4,293.2,204.02353721434181,325.55,335.15,2.67,1.76,4.39,0.71,0.22,1.422747826,81.97,82.86,85.9
Nov-2007,6.96,0.2639276521785504,-0.00033561021834404095,110.8,81.1,154.0,121.0,136.25,62.5,0.385872308,1829.84,998.57,1115.0,1141.52,646.0,171.25,170.1,342.0,327.75,311.25,197.0,307.65,321.81,2.72,1.71,4.43,0.73,0.22,1.468363636,91.34,92.53,94.76
Dec-2007,-0.22,0.2639276521785504,-0.00033561021834404095,114.7,81.8,152.6,132.2,138.56,66.3,0.224359673,1978.91,1002.22,1136.53,1187.73,598.0,180.25,187.01,360.67,347.33,331.67,198.82,345.31,368.62,2.73,1.69,4.31,0.72,0.24,1.457036842,89.52,91.45,91.36
Jan-2008,6.89,0.2639276521785504,-0.00033561021834404095,120.4,82.8,150.6,141.0,154.1,74.1,0.03413678,1984.16,1122.15,1278.18,1280.2,602.0,206.66,212.67,375.6,364.4,358.0,204.07,343.81,370.66,2.77,1.7,4.29,0.73,0.26,1.471790909,90.69,91.92,92.98
Feb-2008,8.19,0.2639276521785504,-0.00033561021834404095,128.4,80.6,149.9,160.8,168.63,83.6,0.04179239,1984.16,1268.63,1391.67,1414.17,591.0,220.07,218.5,464.75,364.4,432.75,225.8,388.75,425.0,2.89,1.74,4.52,0.73,0.3,1.474838095,93.39,94.82,95.38
Mar-2008,12.03,0.2639276521785504,-0.00033561021834404095,132.4,85.6,152.6,163.3,176.6,81.7,0.922532232,2075.49,1377.22,1456.39,1488.74,595.0,234.36,224.93,594.0,364.4,537.6,240.71,419.61,439.72,3.01,1.79,4.79,0.77,0.29,1.552652632,101.84,103.28,105.47
Apr-2008,12.77,0.2639276521785504,-0.00033561021834404095,130.7,87.0,148.9,162.7,169.41,77.7,1.416472947,2126.46,1320.11,1425.91,1422.23,606.0,246.44,240.28,907.0,364.4,762.67,236.14,323.43,362.23,3.16,1.81,4.89,0.78,0.28,1.57505,108.76,110.19,112.62
May-2008,16.95,0.2639276521785504,-0.00033561021834404095,130.3,91.8,144.3,157.4,172.02,74.7,4.906712979,2253.22,1326.45,1432.5,1437.87,659.0,243.46,238.24,901.8,364.4,727.4,230.74,255.1,328.76,3.51,1.84,4.95,0.77,0.27,1.5557,122.63,123.94,125.01
Jun-2008,18.59,0.2639276521785504,-0.00033561021834404095,132.7,93.6,143.9,160.3,178.32,75.0,6.247448966,2332.7,1293.21,1396.67,1535.16,679.0,287.11,262.19,757.0,364.4,591.0,228.96,254.74,348.55,3.66,1.89,4.95,0.77,0.27,1.55527619,131.52,133.05,133.93
Jul-2008,26.39,0.2639276521785504,-0.00033561021834404095,130.2,100.4,144.1,148.2,164.8,88.1,7.56360398,2425.08,1213.48,1253.48,1506.98,666.0,265.34,218.82,731.75,700.0,546.5,232.72,245.45,328.18,3.93,1.95,5.01,0.78,0.31,1.576969565,132.83,133.87,133.38
Aug-2008,34.85,0.2639276521785504,-0.00033561021834404095,121.2,102.1,133.5,136.5,135.62,90.4,8.182595269,2427.18,963.57,1064.29,1329.64,647.0,235.03,209.34,693.5,657.5,468.75,224.17,255.37,329.34,3.84,1.95,4.76,0.74,0.32,1.497538095,114.57,113.85,116.64
Sep-2008,27.33,0.2639276521785504,-0.00033561021834404095,112.8,100.9,120.5,125.3,120.59,83.7,7.768291213,2313.85,826.02,994.09,1201.02,666.0,233.85,216.01,683.8,651.0,420.4,222.15,223.77,295.55,3.56,1.95,4.54,0.71,0.3,1.43695,99.66,99.06,103.94
Oct-2008,20.03,0.2639276521785504,-0.00033561021834404095,97.8,95.7,107.0,104.9,92.21,73.6,2.856446405,2119.44,635.75,750.65,942.53,669.0,183.06,163.63,609.25,487.5,348.25,233.07,185.92,237.38,3.11,1.93,4.31,0.53,0.26,1.332208696,72.69,72.84,76.61
Nov-2008,15.99,0.2639276521785504,-0.00033561021834404095,89.7,87.9,97.8,96.0,82.03,74.9,0.266533158,1933.45,581.25,514.5,825.64,666.0,163.77,150.75,552.0,440.25,307.0,238.51,182.98,226.85,2.73,1.92,4.05,0.5,0.27,1.273215,53.97,53.24,57.29
Dec-2008,18.13,0.2639276521785504,-0.00033561021834404095,86.3,81.8,94.9,95.1,78.55,72.7,0.192863877,1761.69,587.24,540.24,745.55,722.0,158.26,138.6,531.8,422.0,287.0,255.32,179.31,220.14,2.66,1.92,3.93,0.53,0.26,1.344942857,41.34,41.58,41.44
Jan-2009,13.67,0.2639276521785504,-0.00033561021834404095,86.7,78.1,88.2,100.4,82.78,77.4,0.101500393,1619.87,658.55,556.0,789.89,730.0,172.83,153.26,580.0,464.0,318.6,265.64,195.11,239.11,2.64,1.92,3.81,0.52,0.28,1.323866667,43.86,44.86,41.74
Feb-2009,8.55,0.2639276521785504,-0.00033561021834404095,84.5,76.0,82.6,97.2,82.24,81.9,0.405001385,1543.24,655.66,565.25,747.64,719.0,163.38,144.13,590.75,472.75,319.5,262.92,183.35,224.69,2.54,1.91,3.8,0.5,0.29,1.27847,41.84,43.24,39.15
Mar-2009,4.18,0.2639276521785504,-0.00033561021834404095,84.3,76.1,80.9,97.2,81.49,82.9,0.787615199,1535.22,660.48,586.25,730.71,709.0,164.56,138.59,588.25,471.5,332.0,259.93,183.72,230.98,2.61,1.89,3.75,0.52,0.3,1.304981818,46.65,46.84,47.52
Apr-2009,7.24,0.2639276521785504,-0.00033561021834404095,87.4,78.5,80.4,98.1,93.8,84.5,2.578181226,1433.0,799.7,713.5,809.08,713.0,168.5,154.14,549.67,446.0,335.67,256.15,182.62,233.47,2.64,1.88,4.04,0.52,0.3,1.31903,50.28,50.85,49.81
May-2009,10.05,0.2639276521785504,-0.00033561021834404095,93.5,81.3,83.5,103.3,106.61,99.4,3.056501245,1406.55,872.61,826.84,889.62,755.0,179.91,160.08,533.0,454.0,322.4,241.49,202.46,261.48,2.72,1.92,4.28,0.54,0.35,1.365045,58.15,57.94,59.13
Jun-2009,2.08,0.2639276521785504,-0.00033561021834404095,93.4,83.4,84.7,103.0,100.72,101.7,6.761870354,1338.81,788.57,732.62,892.92,831.0,179.52,153.04,574.5,476.0,320.75,237.29,201.72,256.64,2.74,1.94,4.54,0.55,0.36,1.401645455,69.15,68.62,69.62
Jul-2009,1.12,0.2639276521785504,-0.00033561021834404095,90.7,85.2,85.1,94.5,89.9,114.0,6.764792037,1322.77,698.48,663.91,846.3,916.0,151.57,133.8,572.0,463.5,320.25,255.65,175.63,224.85,2.79,1.95,4.54,0.56,0.41,1.408769565,64.67,64.91,64.12
Aug-2009,-3.1,0.2639276521785504,-0.00033561021834404095,93.5,85.4,88.0,91.9,97.85,138.8,8.466515947,1310.18,746.05,726.19,903.15,999.0,151.96,142.37,526.25,432.75,305.5,257.0,161.67,210.37,2.8,1.91,4.56,0.56,0.49,1.4268,71.63,72.5,71.06
Sep-2009,-1.03,0.2639276521785504,-0.00033561021834404095,93.1,84.5,95.1,89.8,93.25,142.6,5.893974449,1232.58,703.85,700.68,858.18,1114.0,150.39,141.83,518.75,428.0,303.25,269.36,158.37,191.09,2.81,1.87,4.5,0.54,0.51,1.456163636,68.35,67.69,69.44
Oct-2009,-2.99,0.2639276521785504,-0.00033561021834404095,94.8,82.6,102.7,93.8,95.17,140.1,3.349759406,1155.42,724.66,727.05,897.0,1279.0,167.31,159.05,493.0,412.8,298.4,272.0,175.63,198.85,2.75,1.83,4.46,0.49,0.5,1.481636364,74.08,73.19,75.77
Nov-2009,-4.05,0.2639276521785504,-0.00033561021834404095,98.9,83.9,113.1,98.0,101.76,137.8,0.575573835,1151.65,763.33,754.52,932.38,1358.0,171.64,166.01,542.75,460.25,337.0,272.0,204.66,211.04,2.83,1.81,4.57,0.5,0.49,1.491447619,77.55,77.04,78.0
Dec-2009,-3.4,0.2639276521785504,-0.00033561021834404095,100.8,84.5,112.8,99.0,107.56,145.6,0.076236679,1181.87,821.81,835.45,939.91,1401.0,164.56,166.35,591.0,515.25,403.0,263.86,206.5,206.25,2.88,1.81,4.48,0.49,0.52,1.461359091,74.88,74.67,74.49
Jan-2010,-5.44,0.2639276521785504,-0.00033561021834404095,101.8,86.0,109.0,98.4,107.1,163.8,0.042143058,1275.53,830.88,879.5,920.55,1469.0,167.31,161.79,568.8,510.6,420.2,264.29,198.78,201.19,3.02,1.83,4.49,0.48,0.58,1.42721,77.12,76.37,78.36
Feb-2010,-0.65,0.2639276521785504,-0.00033561021834404095,99.3,86.5,101.6,94.0,107.31,157.4,0.263281295,1287.5,830.0,894.0,909.19,1709.0,161.8,154.06,535.0,474.67,405.0,244.86,191.8,194.0,3.21,1.84,4.51,0.46,0.56,1.36857,74.76,74.31,76.41
Mar-2010,2.95,0.2639276521785504,-0.00033561021834404095,96.5,87.5,101.6,91.8,110.33,115.5,1.104600145,1317.02,862.83,996.96,911.07,1839.0,159.05,154.7,502.2,445.6,377.0,244.25,189.96,191.08,3.4,1.85,4.43,0.45,0.41,1.356852174,79.3,79.27,81.25
Apr-2010,3.58,0.2639276521785504,-0.00033561021834404095,97.1,90.1,109.7,90.7,109.36,101.8,2.184049009,1361.62,862.71,1021.05,902.83,1863.0,157.08,149.41,466.0,408.67,343.0,256.23,187.76,192.87,3.66,1.88,4.56,0.45,0.36,1.34057,84.18,84.98,84.48
May-2010,-1.28,0.2639276521785504,-0.00033561021834404095,96.4,90.1,111.8,90.6,107.17,94.1,4.040064695,1366.87,855.31,1031.05,859.49,1838.0,163.38,147.35,451.33,396.67,329.0,259.43,190.33,181.61,3.58,1.91,4.84,0.42,0.34,1.256533333,75.62,76.25,73.73
Jun-2010,8.46,0.2639276521785504,-0.00033561021834404095,95.9,91.2,110.4,87.8,106.03,98.1,5.811860209,1366.87,825.68,1050.0,860.28,1962.0,152.75,130.98,440.0,392.0,329.5,257.43,182.62,157.67,3.33,1.92,5.2,0.41,0.35,1.22085,74.73,74.84,75.35
Jul-2010,0.47,0.2639276521785504,-0.00033561021834404095,100.0,92.0,112.8,95.3,110.13,107.9,5.276994197,1366.87,844.43,1063.86,910.82,2045.0,163.76,132.4,441.8,395.6,349.8,263.63,222.28,195.82,3.27,1.94,5.39,0.43,0.38,1.277,74.58,74.74,76.35
Aug-2010,2.18,0.2639276521785504,-0.00033561021834404095,107.8,92.9,112.3,112.9,121.81,114.6,8.389353874,1383.9,943.73,1171.14,997.62,1692.0,175.58,143.4,452.75,412.0,369.0,267.71,261.61,246.25,3.41,1.94,6.85,0.43,0.41,1.289418182,75.83,76.69,76.6
Sep-2010,4.5,0.2639276521785504,-0.00033561021834404095,114.1,92.5,116.0,125.9,124.85,138.7,8.41909458,1426.71,948.88,1259.66,1035.26,1319.0,205.89,184.9,476.5,448.0,412.0,283.21,276.31,271.67,3.39,1.93,7.24,0.44,0.5,1.3067,76.12,77.79,75.29
Oct-2010,8.16,0.2639276521785504,-0.00033561021834404095,120.1,93.9,121.4,130.6,139.18,152.3,4.4210244,1471.32,1025.83,1420.95,1146.75,1176.0,235.81,201.04,486.0,457.0,428.25,283.21,267.49,270.23,3.37,1.91,7.65,0.45,0.54,1.389780952,81.72,82.92,81.9
Nov-2010,12.34,0.2639276521785504,-0.00033561021834404095,124.2,96.4,118.7,132.4,153.87,162.8,0.77995384,1543.24,1131.36,1631.14,1231.69,950.0,238.18,203.25,514.5,477.5,427.75,283.21,278.52,274.08,3.5,1.88,8.06,0.45,0.58,1.366095455,84.53,85.67,84.24
Dec-2010,13.78,0.2639276521785504,-0.00033561021834404095,129.4,97.5,117.4,139.7,166.26,173.8,0.07891997,1644.45,1234.64,1829.55,1324.72,835.0,250.38,221.57,532.0,479.8,413.4,283.21,308.65,306.52,3.88,1.88,8.23,0.43,0.62,1.322013043,90.01,91.8,89.15
Jan-2011,14.89,0.2639276521785504,-0.00033561021834404095,133.8,97.9,122.8,144.9,174.49,183.2,0.005581524,1653.47,1303.57,2139.05,1365.73,759.0,264.95,246.32,516.8,467.6,405.0,303.0,320.4,326.56,4.19,1.87,8.27,0.44,0.65,1.335966667,92.69,96.29,89.41
Feb-2011,9.42,0.2639276521785504,-0.00033561021834404095,137.7,100.5,130.3,151.4,175.43,182.4,1.070770204,1653.47,1327.21,2307.63,1359.86,817.0,292.9,253.15,524.0,473.0,420.5,304.93,338.78,348.12,4.08,1.88,8.4,0.45,0.65,1.364895,97.91,103.96,89.53
Mar-2011,5.85,0.2639276521785504,-0.00033561021834404095,134.3,103.6,135.8,145.5,163.11,162.4,0.585628776,1637.17,1241.74,1975.22,1306.53,805.0,290.54,266.14,492.75,455.5,408.25,302.25,303.14,316.75,4.19,1.9,8.97,0.46,0.58,1.399917391,108.65,114.44,102.92
Apr-2011,5.47,0.2639276521785504,-0.00033561021834404095,136.3,107.5,134.5,151.7,162.79,150.7,1.694654766,1631.42,1219.61,1906.32,1310.45,757.0,319.27,289.61,484.25,448.25,409.0,300.36,314.89,336.12,4.33,1.9,10.17,0.47,0.54,1.444178947,116.24,123.07,109.96
May-2011,6.09,0.2639276521785504,-0.00033561021834404095,135.1,108.0,134.2,150.9,162.4,136.2,4.12571663,1632.47,1230.12,1985.48,1296.03,843.0,307.86,261.32,481.4,448.4,421.2,302.49,308.65,355.28,4.16,1.91,10.28,0.47,0.48,1.434863636,108.07,114.46,101.28
Jun-2011,3.4,0.2639276521785504,-0.00033561021834404095,134.8,106.2,135.3,147.1,160.78,156.0,4.420495526,1700.57,1192.38,1761.75,1319.38,941.0,310.61,260.43,513.75,473.75,427.5,302.71,282.19,326.43,3.94,1.92,10.09,0.47,0.56,1.438840909,105.85,113.76,96.25
Jul-2011,8.08,0.2639276521785504,-0.00033561021834404095,133.0,105.8,133.6,140.5,156.05,174.6,5.501757649,1945.58,1183.45,1372.62,1337.36,907.0,300.77,271.17,538.25,506.75,449.25,310.0,266.39,303.88,3.94,1.93,9.84,0.47,0.62,1.426428571,107.92,116.46,97.31
Aug-2011,8.59,0.2639276521785504,-0.00033561021834404095,132.7,104.9,131.9,144.9,151.48,171.7,7.590742851,2076.18,1205.48,1377.83,1328.39,804.0,310.22,302.53,566.0,533.75,465.25,315.25,277.62,327.07,3.93,1.94,9.56,0.47,0.61,1.434321739,100.49,110.08,86.32
Sep-2011,5.54,0.2639276521785504,-0.00033561021834404095,130.1,106.1,127.1,140.5,147.82,165.3,6.32469182,2113.43,1137.25,1264.32,1307.85,820.0,295.26,288.81,598.75,555.5,514.0,323.0,267.49,315.92,3.83,1.96,9.59,0.45,0.59,1.377,100.82,110.88,85.58
Oct-2011,1.82,0.2639276521785504,-0.00033561021834404095,125.6,105.9,126.2,133.1,137.99,157.5,3.884845395,2116.44,1044.75,1082.62,1223.1,809.0,274.79,263.67,599.4,560.2,489.0,320.0,253.53,289.01,3.92,1.96,9.59,0.45,0.56,1.370633333,99.85,109.47,86.41
Nov-2011,-0.47,0.2639276521785504,-0.00033561021834404095,125.9,107.8,125.1,130.9,144.96,148.2,0.127133454,2116.44,1113.38,1294.32,1213.96,846.0,274.39,265.44,615.25,584.25,549.75,320.0,253.16,281.01,4.2,1.97,9.68,0.44,0.53,1.355572727,105.41,110.5,97.12
Dec-2011,1.44,0.2639276521785504,-0.00033561021834404095,121.9,106.1,122.0,124.4,140.45,142.6,0.018144077,2116.44,1121.5,1376.58,1203.28,921.0,258.65,256.4,585.75,565.5,544.0,320.0,244.71,269.03,4.22,1.98,9.97,0.43,0.51,1.317904762,104.23,107.91,98.56
Jan-2012,-2.22,0.2639276521785504,-0.00033561021834404095,122.2,102.6,120.3,127.2,144.33,145.8,0.061010181,2116.44,1123.5,1362.05,1216.28,986.0,272.84,265.66,542.0,534.0,516.25,320.0,253.9,274.89,4.26,1.99,9.91,0.42,0.52,1.290486364,107.07,111.16,100.29
Feb-2012,2.7,0.2639276521785504,-0.00033561021834404095,125.3,105.5,121.2,131.1,148.34,149.3,0.691931672,2116.44,1146.25,1365.48,1249.12,968.0,279.46,269.18,537.5,529.0,518.25,320.0,263.08,277.77,4.31,2.01,9.54,0.43,0.53,1.322409524,112.69,119.7,102.21
Mar-2012,7.2,0.2639276521785504,-0.00033561021834404095,125.7,106.2,118.1,130.6,152.47,149.1,0.609515744,2138.48,1195.34,1366.43,1285.38,948.0,280.69,274.03,548.0,544.4,526.75,320.0,259.78,283.88,4.35,2.05,9.54,0.43,0.53,1.3201,117.79,124.93,106.15
Apr-2012,4.33,0.2639276521785504,-0.00033561021834404095,124.4,105.8,112.5,129.1,156.29,141.3,2.635280334,2274.96,1233.61,1394.72,1308.89,949.0,274.0,254.85,547.75,550.67,533.25,320.0,254.63,266.32,4.29,2.06,9.54,0.43,0.5,1.316173684,113.67,120.46,103.28
May-2012,6.65,0.2639276521785504,-0.00033561021834404095,119.0,103.7,105.5,126.3,144.4,128.5,4.602560346,2408.05,1125.0,1236.75,1220.55,924.0,269.28,259.35,600.5,553.25,561.75,780.0,251.33,264.36,4.22,2.07,9.52,0.42,0.46,1.278890909,104.09,110.52,94.68
Jun-2012,5.92,0.2639276521785504,-0.00033561021834404095,115.8,101.1,102.3,125.3,135.26,126.7,5.314179582,2425.08,1027.74,1089.05,1181.93,910.0,267.31,263.93,600.0,578.0,541.2,698.0,249.49,276.19,4.12,2.08,9.2,0.41,0.45,1.252628571,90.73,95.59,82.36
Jul-2012,2.53,0.2639276521785504,-0.00033561021834404095,122.0,99.8,99.7,143.9,138.56,141.4,7.359821546,2450.28,1052.84,1063.18,1239.49,889.0,333.05,268.59,573.75,555.0,518.75,607.5,322.98,345.69,4.03,2.09,8.75,0.4,0.5,1.228845455,96.75,103.14,87.9
Aug-2012,1.88,0.2639276521785504,-0.00033561021834404095,123.2,102.5,102.0,147.1,138.31,129.2,5.70993919,2469.18,1022.38,1007.61,1250.27,937.0,331.99,273.34,567.75,545.0,509.0,561.79,333.73,349.4,4.1,2.09,7.95,0.41,0.46,1.239995652,105.27,113.34,94.11
Sep-2012,5.43,0.2639276521785504,-0.00033561021834404095,125.1,106.7,111.0,146.8,136.93,123.7,7.375487085,2469.18,1001.38,980.0,1280.95,1074.0,320.85,278.16,563.25,543.75,512.0,478.57,343.55,353.42,4.06,2.11,7.14,0.42,0.44,1.28557,106.28,113.38,94.51
Oct-2012,7.86,0.2639276521785504,-0.00033561021834404095,124.0,107.9,114.2,146.5,124.9,125.7,4.563475553,2469.18,886.0,863.04,1177.95,1114.0,321.24,283.07,558.25,532.5,520.25,431.07,340.25,358.2,4.07,2.11,7.11,0.42,0.45,1.297417391,103.41,111.97,89.52
Nov-2012,7.82,0.2639276521785504,-0.00033561021834404095,123.5,107.4,114.9,148.5,121.52,119.7,0.359084915,2469.18,863.18,806.7,1137.78,1284.0,321.64,289.03,559.25,530.0,523.0,413.0,346.49,360.82,4.29,2.13,7.16,0.42,0.43,1.282772727,101.17,109.71,86.68
Dec-2012,6.39,0.2639276521785504,-0.00033561021834404095,122.8,107.2,118.1,146.4,118.38,119.5,0.088857017,2502.25,843.55,753.53,1158.64,1441.0,308.65,283.96,557.8,530.0,520.4,386.79,325.18,347.96,4.37,2.15,7.22,0.43,0.43,1.311936842,101.19,109.68,88.22
Jan-2013,7.33,0.2639276521785504,-0.00033561021834404095,123.4,106.6,121.0,145.2,124.28,116.8,0.066335787,2270.76,884.52,801.36,1192.35,1454.0,303.13,291.01,564.2,540.0,530.0,418.09,309.01,335.47,4.36,2.22,7.02,0.43,0.42,1.328804545,105.1,112.97,94.74
Feb-2013,7.58,0.2639276521785504,-0.00033561021834404095,123.3,107.8,123.8,142.3,125.55,113.0,0.337974075,1821.71,919.58,836.0,1173.48,1492.0,302.74,288.14,563.0,538.75,535.0,418.09,297.99,318.94,4.35,2.19,7.0,0.44,0.4,1.335905,107.64,116.52,95.3
Mar-2013,5.19,0.2639276521785504,-0.00033561021834404095,122.9,108.2,128.0,139.9,122.38,114.3,1.634332362,1763.7,891.5,832.75,1117.43,1704.74,309.04,296.74,559.0,535.0,532.5,430.0,285.87,309.75,4.29,2.31,7.0,0.42,0.41,1.29636,102.52,109.24,92.91
Apr-2013,6.02,0.2639276521785504,-0.00033561021834404095,122.9,108.8,140.8,134.9,120.64,110.2,2.238622812,1763.7,874.17,830.71,1094.52,1636.96,279.91,269.18,557.0,535.6,530.6,405.18,278.15,308.28,4.27,2.29,7.0,0.43,0.39,1.3026,98.85,102.88,92.02
May-2013,2.82,0.2639276521785504,-0.00033561021834404095,122.2,105.7,140.0,136.4,121.05,109.1,4.003281832,1780.73,879.47,827.5,1073.2,1634.05,295.54,273.59,543.5,508.75,510.75,404.29,279.25,319.67,4.1,2.38,6.99,0.42,0.39,1.298204545,99.37,103.03,94.76
Jun-2013,0.55,0.2639276521785504,-0.00033561021834404095,120.9,105.0,140.3,133.8,120.68,105.8,5.241621894,1807.79,876.88,853.5,1037.75,1644.09,298.41,236.78,524.25,483.75,492.0,410.23,268.23,313.42,3.93,2.4,6.83,0.43,0.38,1.318875,99.74,103.11,95.79
Jul-2013,6.7,0.2639276521785504,-0.00033561021834404095,118.0,104.7,141.0,126.4,116.22,104.2,4.378158403,1816.31,827.09,835.54,990.31,1699.32,279.51,220.02,509.0,454.0,461.8,395.72,260.88,304.61,3.94,2.22,6.5,0.43,0.37,1.308013043,105.26,107.72,104.7
Aug-2013,4.06,0.2639276521785504,-0.00033561021834404095,116.2,105.5,145.6,119.2,111.89,105.4,5.475523901,1807.79,819.29,868.64,994.65,1672.38,238.74,220.62,478.75,425.0,428.25,392.86,252.43,305.34,3.95,2.04,6.5,0.43,0.38,1.33095,108.16,110.96,106.55
Sep-2013,0.43,0.2639276521785504,-0.00033561021834404095,116.4,106.0,149.0,116.7,112.92,107.5,5.350358164,1797.87,826.25,909.76,1019.72,1671.3,207.41,216.93,444.0,428.0,431.48,414.11,259.8,307.51,3.99,1.98,6.37,0.44,0.38,1.334790476,108.76,111.62,106.25
Oct-2013,-2.77,0.2639276521785504,-0.00033561021834404095,118.7,106.3,153.0,118.7,116.04,115.5,2.298990802,1764.66,859.66,912.17,990.96,1591.59,201.73,205.25,439.0,423.0,420.43,491.61,287.72,325.69,4.04,1.96,6.81,0.45,0.41,1.363495652,105.43,109.48,100.5
Nov-2013,-4.03,0.2639276521785504,-0.00033561021834404095,118.6,105.4,151.9,118.0,121.97,109.3,0.35638652,1754.88,904.05,1108.1,989.83,1483.81,199.13,195.23,438.0,405.0,414.3,529.91,274.43,306.75,4.14,2.03,7.32,0.44,0.39,1.349290476,102.63,108.08,93.95
Dec-2013,-1.96,0.2639276521785504,-0.00033561021834404095,118.2,104.7,156.5,117.9,120.38,102.4,0.098701264,1697.56,886.25,1147.0,990.52,1502.5,197.39,205.9,451.0,398.67,400.76,485.28,267.05,291.56,4.18,2.07,7.77,0.45,0.36,1.37036,105.48,110.67,97.85
Jan-2014,2.83,0.2639276521785504,-0.00033561021834404095,116.2,103.2,156.2,117.0,115.58,96.7,0.22487257,1560.64,862.63,1158.64,942.1,1439.77,198.06,210.21,450.0,377.0,405.0,421.79,246.55,275.58,4.18,2.11,8.19,0.44,0.34,1.361022727,102.1,107.42,94.86
Feb-2014,-0.29,0.2639276521785504,-0.00033561021834404095,118.6,104.1,156.4,119.7,120.84,102.6,0.264697432,1409.8,904.34,1292.0,970.96,1451.82,209.32,221.12,459.0,382.0,449.85,392.57,258.67,292.11,4.28,2.02,8.2,0.45,0.37,1.36585,104.83,108.81,100.73
Mar-2014,-0.96,0.2639276521785504,-0.00033561021834404095,122.1,106.3,154.8,125.4,125.38,110.8,1.490204588,1366.87,953.81,1376.9,996.67,1485.0,222.33,234.35,422.0,366.0,425.1,371.17,286.92,323.71,4.47,2.26,8.05,0.45,0.39,1.382252381,104.04,107.4,100.57
Apr-2014,-0.93,0.2639276521785504,-0.00033561021834404095,121.5,109.7,147.3,125.5,121.53,109.0,2.085784758,1366.87,926.63,1291.75,1001.69,1500.68,222.36,232.37,395.0,352.0,399.29,368.82,277.09,324.81,4.35,2.38,8.28,0.45,0.39,1.38125,104.87,107.79,102.08
May-2014,2.3,0.2639276521785504,-0.00033561021834404095,121.2,111.7,141.8,125.2,119.18,113.1,4.36070309,1366.87,898.42,1255.25,961.81,1551.9,217.3,220.68,388.0,346.0,391.55,358.22,277.21,334.73,4.38,2.56,8.24,0.45,0.4,1.373214286,105.71,109.68,101.86
Jun-2014,1.52,0.2639276521785504,-0.00033561021834404095,119.2,116.0,136.1,118.7,115.22,112.5,4.713601054,1366.87,861.88,1233.75,925.82,1522.17,202.39,204.7,397.0,356.0,402.57,357.86,236.65,306.44,4.54,2.55,7.9,0.44,0.4,1.359238095,108.37,111.87,105.24
Jul-2014,-2.18,0.2639276521785504,-0.00033561021834404095,116.3,117.4,130.2,112.2,110.63,113.0,4.245412873,1373.38,853.69,1106.3,897.43,1430.48,182.73,193.01,422.0,375.0,435.39,422.86,218.31,280.35,5.17,2.45,7.75,0.44,0.4,1.353917391,105.23,106.98,102.94
Aug-2014,-2.57,0.2639276521785504,-0.00033561021834404095,112.8,118.5,120.6,110.4,101.65,106.6,6.25222295,1388.91,778.69,938.81,861.77,1472.27,176.42,191.36,445.0,414.0,460.57,457.68,220.36,263.45,5.79,2.27,7.72,0.43,0.38,1.331609524,100.05,101.92,96.38
Sep-2014,-2.86,0.2639276521785504,-0.00033561021834404095,109.2,117.5,110.8,107.4,98.55,99.5,7.47211444,1388.91,760.75,904.55,839.82,1525.43,163.06,180.56,432.0,411.0,449.91,477.68,202.83,243.61,6.17,2.36,7.72,0.42,0.35,1.290136364,95.85,97.34,93.22
Oct-2014,-0.85,0.2639276521785504,-0.00033561021834404095,109.3,117.1,107.1,108.2,100.09,103.6,2.984943562,1388.91,764.4,936.09,833.03,1572.25,163.12,195.22,428.0,409.0,437.57,508.03,220.14,245.45,5.95,2.36,7.74,0.41,0.37,1.267273913,86.08,87.27,84.4
Nov-2014,-2.14,0.2639276521785504,-0.00033561021834404095,108.1,114.8,102.6,109.3,100.85,100.2,0.472317246,1388.91,764.75,970.0,825.98,1302.61,178.74,213.85,418.0,400.0,423.8,528.29,236.03,258.68,5.84,2.31,7.87,0.41,0.36,1.24722,76.99,78.44,75.81
Dec-2014,-3.41,0.2639276521785504,-0.00033561021834404095,105.2,108.9,98.5,110.9,97.89,94.8,0.043315511,1372.88,719.64,972.26,814.55,1285.23,178.73,227.3,418.0,398.0,421.18,493.86,261.78,269.7,5.46,2.22,8.21,0.4,0.34,1.233133333,60.7,62.33,59.26
Jan-2015,-2.25,0.2639276521785504,-0.00033561021834404095,101.0,104.6,92.4,105.9,95.0,95.0,0.025233764,1350.33,719.64,1010.48,796.58,1271.9,174.71,215.06,420.0,400.0,418.55,478.57,231.47,248.39,5.3,2.22,7.93,0.38,0.34,1.162133333,47.11,48.07,47.27
Feb-2015,-1.91,0.2639276521785504,-0.00033561021834404095,98.7,101.3,95.2,101.6,95.18,90.3,0.477302925,1344.82,723.04,1052.37,762.61,1298.48,173.7,217.71,420.0,400.0,417.0,464.0,219.85,237.0,4.88,2.03,7.71,0.37,0.32,1.134965,54.79,57.93,50.61
Mar-2015,1.5,0.2639276521785504,-0.00033561021834404095,95.7,97.1,95.1,99.5,92.62,82.0,1.866225583,1344.82,698.86,1020.8,749.93,1285.75,174.23,227.74,410.0,392.0,411.0,484.29,218.8,230.75,4.72,2.15,7.58,0.35,0.29,1.083768182,52.83,55.79,47.78
Apr-2015,-4.43,0.2639276521785504,-0.00033561021834404095,94.6,97.4,90.6,98.2,91.87,80.9,0.861238546,1344.82,682.75,979.75,747.74,1249.76,172.05,224.21,399.0,384.0,400.26,479.65,209.7,223.4,4.82,2.31,7.77,0.35,0.29,1.07793,57.54,59.39,54.44
May-2015,-4.48,0.2639276521785504,-0.00033561021834404095,95.0,99.6,89.9,95.7,94.49,82.6,2.995820822,1344.82,697.35,962.06,785.13,1221.14,166.29,217.38,381.0,368.0,386.53,475.28,200.77,215.32,4.5,2.35,7.48,0.36,0.29,1.114955,62.51,64.56,59.27
Jun-2015,3.49,0.2639276521785504,-0.00033561021834404095,94.6,98.7,87.7,96.7,95.89,77.1,3.452715455,1365.86,705.91,914.43,788.21,1227.73,166.72,221.12,376.0,365.0,375.95,519.47,204.99,209.81,4.44,2.28,7.28,0.37,0.27,1.121322727,61.31,62.34,59.8
Jul-2015,-1.72,0.2639276521785504,-0.00033561021834404095,93.8,99.0,82.2,98.9,90.43,79.0,5.105088448,1388.91,680.0,869.13,752.32,1245.25,179.6,222.89,392.0,376.0,389.86,553.43,207.38,197.31,4.65,2.07,7.28,0.36,0.28,1.099578261,54.34,55.87,50.9
Aug-2015,-0.77,0.2639276521785504,-0.00033561021834404095,89.5,99.0,79.9,91.9,82.29,71.2,7.738859234,1392.06,601.38,735.48,728.33,1210.87,162.59,183.53,373.0,362.0,377.5,561.43,187.87,179.68,4.77,1.82,7.28,0.36,0.25,1.113904762,45.69,46.99,42.86
Sep-2015,-0.35,0.2639276521785504,-0.00033561021834404095,88.9,96.7,83.2,90.5,81.96,73.4,5.398935141,1399.94,599.5,799.66,720.4,1111.67,165.62,173.61,357.0,347.0,360.0,580.54,193.97,172.7,4.58,1.69,7.28,0.37,0.26,1.122118182,46.28,47.24,45.45
Oct-2015,3.17,0.2639276521785504,-0.00033561021834404095,90.3,92.1,88.0,91.7,87.76,86.1,3.24158373,1399.94,636.67,857.73,743.3,1005.71,171.39,177.47,373.0,362.0,369.27,568.75,206.34,172.71,4.24,1.61,7.28,0.37,0.31,1.123509091,46.96,48.12,46.2
Nov-2015,6.99,0.2639276521785504,-0.00033561021834404095,87.7,89.2,80.5,90.5,85.13,90.0,0.311407981,1413.16,608.21,788.75,727.34,1008.48,166.16,169.09,368.0,359.0,366.24,504.43,203.41,177.1,4.03,1.62,7.52,0.35,0.32,1.0736,43.11,44.42,42.7
Dec-2015,6.76,0.2639276521785504,-0.00033561021834404095,87.0,86.8,81.0,89.4,86.68,90.6,0.034448589,1446.03,607.38,849.55,765.7,1004.05,163.95,169.76,363.0,356.0,360.24,451.43,191.98,189.23,3.8,1.74,7.61,0.36,0.32,1.087718182,36.57,37.72,37.23
Jan-2016,-0.99,0.2639276521785504,-0.00033561021834404095,84.9,84.4,79.4,87.6,85.29,86.9,0.053449479,1359.9,611.63,895.63,736.03,996.0,161.03,164.91,369.0,361.0,366.19,430.43,191.73,193.27,3.63,1.85,7.61,0.35,0.31,1.085965,29.78,30.8,31.54
Feb-2016,-0.25,0.2639276521785504,-0.00033561021834404095,86.1,86.0,78.8,87.3,92.15,81.6,0.073204775,1317.26,679.17,986.9,767.24,951.82,159.68,164.91,384.0,374.0,377.38,428.75,188.43,187.03,3.86,1.77,7.59,0.36,0.29,1.109295238,31.03,33.2,30.39
Mar-2016,-1.46,0.2639276521785504,-0.00033561021834404095,87.4,86.1,76.7,86.5,97.34,95.5,1.724637151,1300.73,715.95,1210.6,765.61,953.0,159.14,160.5,384.0,375.0,374.9,440.72,189.69,191.07,4.03,1.85,7.39,0.36,0.34,1.109966667,37.34,39.07,37.77
Apr-2016,7.66,0.2639276521785504,-0.00033561021834404095,89.1,87.7,77.1,88.4,101.17,93.9,2.680225457,1314.38,775.0,1299.05,794.13,984.76,164.41,162.26,395.0,386.0,383.53,433.29,192.76,187.39,3.96,1.93,7.39,0.37,0.34,1.133919048,40.75,42.25,40.96
May-2016,6.31,0.2639276521785504,-0.00033561021834404095,90.6,90.2,72.7,91.1,99.56,104.8,4.220563927,1322.77,753.42,1218.25,795.64,952.25,168.96,158.51,433.0,415.0,414.38,411.96,189.85,171.96,4.04,2.06,7.39,0.37,0.38,1.131109091,45.94,47.13,46.73
Jun-2016,-0.28,0.2639276521785504,-0.00033561021834404095,93.8,94.1,73.9,94.1,97.93,120.4,4.600461028,1365.86,718.18,1337.27,799.91,951.5,179.87,166.67,441.0,422.0,426.79,409.29,187.01,173.06,4.11,2.15,7.34,0.37,0.43,1.122890909,47.69,48.48,48.75
Jul-2016,1.87,0.2639276521785504,-0.00033561021834404095,93.0,95.3,76.0,90.4,94.9,121.6,5.576870182,1415.37,678.16,1290.0,796.67,942.38,161.76,145.17,442.0,424.0,417.89,436.43,166.51,151.75,4.26,1.96,7.15,0.36,0.43,1.106852381,44.13,45.07,44.69
Aug-2016,-1.29,0.2639276521785504,-0.00033561021834404095,95.3,96.4,81.8,89.3,102.39,124.6,6.521539505,1433.0,771.02,1423.7,824.42,908.04,150.15,152.67,415.0,403.0,393.78,455.18,159.28,149.18,4.24,1.74,6.83,0.37,0.44,1.121173913,44.88,46.14,44.75
Sep-2016,-2.86,0.2639276521785504,-0.00033561021834404095,96.1,94.9,90.9,86.3,104.32,132.9,7.470125709,1433.0,797.85,1443.86,837.21,853.75,148.43,145.39,384.0,378.0,365.27,453.74,157.56,150.65,4.12,1.7,6.91,0.37,0.47,1.121209091,45.04,46.19,45.2
Oct-2016,-6.23,0.2639276521785504,-0.00033561021834404095,95.9,93.0,93.8,86.7,101.85,137.5,2.282167506,1433.0,749.75,1331.19,861.26,834.09,152.26,148.7,369.0,365.0,349.9,448.32,164.37,151.75,4.04,1.59,7.28,0.36,0.49,1.102604762,49.29,49.73,49.89
Nov-2016,-3.84,0.2639276521785504,-0.00033561021834404095,96.0,93.9,94.5,86.0,106.16,125.2,0.197746574,1433.0,766.93,1512.95,885.11,888.26,151.8,144.29,365.0,357.0,339.59,413.75,167.28,150.65,4.3,1.76,7.36,0.35,0.45,1.079895455,45.26,46.44,45.57
Dec-2016,-3.99,0.2639276521785504,-0.00033561021834404095,95.3,91.2,96.2,86.1,110.26,114.5,0.102164855,1439.3,811.38,1666.43,916.7,922.75,152.45,153.11,373.0,364.0,354.42,401.25,161.17,141.83,4.14,1.86,7.5,0.34,0.41,1.054290476,52.62,54.07,52.01
Jan-2017,2.01,0.2639276521785504,-0.00033561021834404095,97.8,92.2,98.6,88.7,112.19,125.8,0.066251196,1427.78,825.0,1737.27,876.85,900.95,159.99,156.2,377.0,369.0,355.91,401.65,173.61,153.22,4.07,1.94,7.52,0.35,0.45,1.061440909,53.59,54.89,52.51
Feb-2017,3.75,0.2639276521785504,-0.00033561021834404095,98.1,94.0,99.2,90.0,107.97,125.6,0.110977072,1359.9,808.61,1566.5,839.6,870.71,162.86,157.08,367.0,361.0,348.75,401.61,181.0,155.06,4.23,1.94,7.37,0.35,0.45,1.064265,54.35,55.49,53.4
Mar-2017,2.21,0.2639276521785504,-0.00033561021834404095,96.2,95.4,100.6,87.9,101.59,111.9,0.506820629,1398.98,778.7,1229.57,814.94,825.0,158.96,151.13,370.0,364.0,358.43,390.76,176.54,154.32,4.35,2.13,7.4,0.35,0.4,1.068469565,50.9,51.97,49.58
Apr-2017,-3.02,0.2639276521785504,-0.00033561021834404095,95.0,97.3,100.0,86.9,97.58,101.7,1.314694092,1421.4,752.06,1085.56,794.04,804.55,156.44,149.8,380.0,369.0,358.53,386.85,172.19,166.08,4.41,2.16,8.44,0.35,0.36,1.072266667,52.16,52.98,51.06
May-2017,-5.76,0.2639276521785504,-0.00033561021834404095,97.3,99.3,104.8,88.3,101.96,99.4,4.026330861,1453.05,762.75,1098.57,825.06,833.5,158.59,159.95,421.0,399.0,394.95,385.93,174.97,180.41,4.6,2.33,8.57,0.36,0.35,1.10575,49.89,50.87,48.5
Jun-2017,-4.33,0.2639276521785504,-0.00033561021834404095,97.8,100.1,109.7,92.4,97.47,86.0,7.65010529,1463.07,735.14,1030.83,832.95,916.05,157.93,165.02,458.0,430.0,440.86,387.74,183.36,189.6,4.68,2.43,9.19,0.37,0.31,1.122945455,46.17,46.89,45.17
Jul-2017,-0.67,0.2639276521785504,-0.00033561021834404095,100.0,100.6,113.9,96.9,96.66,90.5,6.512874511,1496.94,720.48,1033.57,835.6,927.95,157.51,163.69,417.0,399.0,397.43,399.44,201.77,202.46,4.67,2.35,9.37,0.38,0.32,1.151114286,47.66,48.69,46.65
Aug-2017,5.59,0.2639276521785504,-0.00033561021834404095,99.2,100.0,116.9,92.3,99.16,88.9,7.625302161,1510.17,717.95,1174.35,861.72,917.39,148.5,169.87,393.0,381.0,376.14,362.0,172.68,171.23,4.47,2.19,8.89,0.39,0.32,1.180673913,49.94,51.37,48.03
Sep-2017,8.51,0.2639276521785504,-0.00033561021834404095,99.7,98.6,118.4,92.1,103.83,89.0,5.324316077,1504.65,754.25,1336.05,889.44,894.75,147.29,169.76,402.0,388.0,384.81,376.32,176.9,178.57,4.3,2.11,8.55,0.39,0.32,1.191457143,52.95,55.16,49.83
Oct-2017,7.65,0.2639276521785504,-0.00033561021834404095,98.8,98.2,115.4,91.8,102.68,88.7,1.586435959,1481.11,746.79,1418.86,880.6,896.82,148.62,170.97,394.0,379.0,375.68,395.88,177.01,175.63,4.25,1.98,8.24,0.38,0.32,1.175586364,54.92,57.62,51.56
Nov-2017,3.08,0.2639276521785504,-0.00033561021834404095,98.8,98.0,111.4,92.1,103.85,92.7,0.325331939,1502.29,728.86,1444.77,886.77,961.59,148.7,167.66,402.0,386.0,378.82,419.41,175.66,179.68,4.33,1.96,7.55,0.38,0.33,1.1738,59.93,62.57,56.65
Dec-2017,2.04,0.2639276521785504,-0.00033561021834404095,96.4,96.0,107.3,92.4,97.96,89.0,0.144493237,1510.17,679.17,1305.66,867.19,915.24,148.98,175.16,406.0,391.0,388.5,402.0,172.49,184.09,4.28,1.97,7.94,0.39,0.32,1.183621053,61.19,64.21,57.94
Jan-2018,-1.06,0.2639276521785504,-0.00033561021834404095,96.7,95.3,106.0,95.2,98.25,87.2,0.024206431,1433.0,703.45,1265.0,870.5,898.18,155.84,178.46,442.0,422.0,410.83,393.16,178.34,192.17,4.3,2.07,7.72,0.4,0.31,1.21995,66.23,68.99,63.67
Feb-2018,1.49,0.2639276521785504,-0.00033561021834404095,97.8,96.6,108.8,98.4,95.6,83.9,0.813683034,1433.0,709.44,1145.38,843.56,885.35,163.36,187.39,425.0,411.0,407.8,378.57,190.56,192.17,4.35,1.98,7.87,0.4,0.3,1.23478,63.46,65.42,62.17
Mar-2018,-2.65,0.2639276521785504,-0.00033561021834404095,98.8,96.6,111.3,101.8,95.36,80.9,1.316545186,1435.63,706.19,1016.19,836.68,898.19,172.0,181.22,430.0,418.0,403.5,370.91,198.86,192.17,4.44,2.2,8.05,0.4,0.28,1.233619048,64.17,66.45,62.76
Apr-2018,2.03,0.2639276521785504,-0.00033561021834404095,98.4,95.4,110.0,104.0,94.02,76.8,1.584274598,1444.03,701.18,1006.71,831.85,859.19,175.6,178.57,451.0,436.0,430.24,390.48,198.79,213.85,4.38,2.36,8.38,0.4,0.27,1.22763,68.79,71.63,66.32
May-2018,4.93,0.2639276521785504,-0.00033561021834404095,98.5,94.9,111.4,105.5,92.15,76.4,4.161926105,1444.03,687.15,935.25,793.25,875.95,179.09,178.57,451.0,436.0,431.76,404.5,209.95,213.85,4.32,2.65,8.19,0.39,0.27,1.181222727,73.43,76.65,69.98
Jun-2018,7.06,0.2639276521785504,-0.00033561021834404095,96.8,94.7,112.3,100.8,89.33,77.4,5.064135476,1461.87,656.5,865.71,788.57,881.0,165.07,161.93,427.0,415.0,408.6,420.87,206.0,219.36,4.24,2.72,7.83,0.38,0.28,1.167828571,71.98,75.19,67.52
Jul-2018,5.6,0.2639276521785504,-0.00033561021834404095,95.0,94.3,110.1,98.7,86.9,72.5,6.326990648,1477.1,616.14,877.16,780.45,860.23,156.46,147.49,398.0,390.0,382.73,442.62,206.93,218.26,4.19,2.53,7.83,0.38,0.26,1.168572727,72.67,74.44,70.84
Aug-2018,-0.02,0.2639276521785504,-0.00033561021834404095,95.8,95.4,108.5,103.5,84.43,68.6,9.217230002,1477.1,614.75,900.22,761.82,832.86,162.37,165.57,405.0,393.0,393.5,442.05,217.44,236.63,4.11,2.22,7.83,0.38,0.24,1.154895652,71.08,73.13,67.99
Sep-2018,-1.43,0.2639276521785504,-0.00033561021834404095,94.0,93.4,108.3,100.3,82.33,70.4,6.687237576,1442.29,605.15,865.63,754.05,830.35,154.8,163.58,405.0,393.0,395.35,436.96,202.05,212.38,4.01,2.03,7.83,0.38,0.25,1.16587,75.36,78.86,70.21
Oct-2018,1.05,0.2639276521785504,-0.00033561021834404095,93.2,91.9,102.8,100.9,81.33,76.5,3.504674144,1431.7,589.8,794.49,751.58,865.73,160.26,158.95,409.0,397.0,390.39,422.0,209.1,213.48,3.86,2.03,7.83,0.38,0.29,1.148404348,76.73,80.47,70.75
Nov-2018,1.11,0.2639276521785504,-0.00033561021834404095,91.9,92.1,100.0,99.6,76.59,79.9,0.328807072,1438.26,539.1,707.62,729.22,873.0,160.69,157.52,401.0,391.0,378.81,382.39,210.85,203.56,3.95,2.03,7.46,0.37,0.28,1.136686364,62.32,65.17,56.67
Dec-2018,0.76,0.2639276521785504,-0.00033561021834404095,92.0,92.3,97.8,101.1,76.84,78.3,0.070655498,1434.58,535.02,738.36,727.88,873.0,167.44,163.8,404.0,395.0,379.33,374.42,217.81,211.28,4.19,2.09,7.44,0.37,0.28,1.138421053,53.96,56.46,48.95
Jan-2019,3.01,0.2639276521785504,-0.00033561021834404095,93.1,91.6,100.9,101.8,80.26,79.3,0.196655847,1379.77,584.58,765.0,747.79,873.0,166.74,162.92,410.0,402.0,387.35,353.5,220.16,209.81,4.24,2.15,7.99,0.37,0.28,1.141640909,56.58,59.27,51.52
Feb-2019,-3.46,0.2639276521785504,-0.00033561021834404095,93.8,92.5,103.8,100.7,81.78,80.3,0.339517794,1370.06,602.97,694.67,772.82,873.0,169.52,170.42,408.0,401.0,386.25,360.74,217.25,218.99,4.28,2.09,8.02,0.37,0.29,1.135115,61.13,64.13,54.95
Mar-2019,4.24,0.2639276521785504,-0.00033561021834404095,93.0,94.0,105.6,97.5,78.41,78.7,1.271423494,1370.38,573.02,654.72,750.33,873.0,166.22,169.31,406.0,399.0,382.43,354.02,200.39,205.76,4.48,2.07,8.01,0.37,0.28,1.130247619,63.79,66.41,58.15
Apr-2019,-3.38,0.2639276521785504,-0.00033561021834404095,93.5,97.3,106.1,94.6,79.11,79.3,2.385237298,1377.61,588.45,636.23,733.77,835.17,161.49,165.46,413.0,404.0,391.3,351.0,197.33,199.52,4.7,2.09,8.05,0.37,0.28,1.123825,68.58,71.2,63.87
May-2019,0.08,0.2639276521785504,-0.00033561021834404095,94.2,100.2,106.6,94.4,78.5,76.7,4.646796661,1392.89,564.4,573.36,742.53,797.67,171.08,165.46,409.0,401.0,386.76,349.0,200.32,199.52,4.6,2.09,8.05,0.37,0.27,1.118459091,66.83,70.53,60.84
Jun-2019,-5.91,0.2639276521785504,-0.00033561021834404095,95.4,101.2,102.9,99.2,77.46,79.9,4.472382369,1391.97,552.19,542.24,742.89,795.0,195.08,157.74,420.0,411.0,394.2,345.78,222.41,206.13,4.63,2.07,8.05,0.37,0.28,1.12934,59.76,63.3,54.68
Jul-2019,-3.33,0.2639276521785504,-0.00033561021834404095,95.1,102.3,101.1,97.6,78.09,79.4,8.031971475,1437.71,543.88,555.03,748.17,794.36,189.42,159.5,416.0,409.0,391.7,340.13,203.96,196.21,4.63,1.99,8.05,0.37,0.28,1.12183913,61.48,64.0,57.52
Aug-2019,-3.48,0.2639276521785504,-0.00033561021834404095,93.8,101.6,100.3,92.6,82.59,76.2,6.531413795,1457.89,586.12,619.33,793.21,793.0,163.59,147.93,430.0,421.0,407.52,326.43,197.52,181.15,4.6,1.9,8.05,0.36,0.27,1.112622727,57.67,59.25,54.84
Sep-2019,-6.31,0.2639276521785504,-0.00033561021834404095,93.2,100.6,99.6,91.8,83.89,73.5,6.98305779,1458.25,580.3,613.15,779.25,815.74,157.26,149.69,427.0,421.0,401.71,342.4,201.91,189.6,4.65,1.85,8.1,0.36,0.26,1.100390476,60.04,62.33,56.95
Oct-2019,-5.38,0.2639276521785504,-0.00033561021834404095,95.0,100.9,100.8,96.0,84.11,77.8,5.256777639,1458.53,591.35,593.74,770.8,822.24,167.15,163.8,424.0,418.0,397.04,353.61,212.85,199.52,4.86,1.85,8.27,0.36,0.28,1.105256522,57.27,59.37,53.98
Nov-2019,-2.77,0.2639276521785504,-0.00033561021834404095,98.2,105.4,102.5,95.6,93.16,79.2,0.532485911,1388.47,685.41,767.44,770.2,804.82,166.33,161.93,421.0,415.0,394.76,371.0,223.54,203.19,5.94,1.85,8.27,0.36,0.28,1.105095238,60.4,62.74,57.06
Dec-2019,-4.88,0.2639276521785504,-0.00033561021834404095,100.8,106.0,103.5,97.4,101.5,83.0,0.103786776,1404.96,763.73,969.77,833.52,809.86,166.96,163.91,432.0,423.0,400.9,364.91,237.68,210.91,5.56,1.98,8.35,0.36,0.3,1.111345,63.35,65.85,59.8
Jan-2020,-3.32,0.2639276521785504,-0.00033561021834404095,102.5,103.5,103.8,100.7,108.73,87.5,0.023313682,1371.35,810.07,970.53,875.64,800.76,171.79,166.23,451.0,440.0,426.0,360.13,247.99,224.5,5.04,2.07,6.62,0.36,0.31,1.110036364,61.63,63.6,57.52
Feb-2020,3.64,0.2639276521785504,-0.00033561021834404095,99.6,101.0,102.8,99.6,97.55,91.4,0.011122113,1393.46,728.81,801.84,800.41,799.04,168.71,164.13,450.0,442.0,426.45,360.2,238.98,215.32,4.72,1.88,6.13,0.36,0.33,1.0905,53.35,55.0,50.53
Mar-2020,-1.39,0.2639276521785504,-0.00033561021834404095,95.2,99.5,101.6,98.0,85.42,73.9,1.084217725,1412.91,636.25,691.04,747.8,806.0,162.42,164.35,494.0,477.0,469.64,371.0,228.12,209.07,4.47,1.78,6.32,0.36,0.26,1.106340909,32.2,32.98,29.88
Apr-2020,3.06,0.2639276521785504,-0.00033561021834404095,92.4,96.5,95.9,99.6,81.18,63.2,2.381386532,1527.27,608.88,720.69,679.98,800.91,146.91,166.67,564.0,536.0,543.7,377.31,221.69,218.99,4.45,1.27,6.28,0.35,0.23,1.08619,21.04,23.34,16.52
May-2020,-1.0,0.2639276521785504,-0.00033561021834404095,91.2,95.4,94.5,98.0,77.77,67.8,3.963873035,1588.02,576.56,684.95,684.78,799.33,143.91,175.93,510.0,494.0,492.89,372.46,209.93,205.76,5.08,1.52,6.04,0.36,0.24,1.090185,30.38,31.02,28.56
Jun-2020,3.01,0.2639276521785504,-0.00033561021834404095,93.1,94.5,98.3,97.3,86.61,74.9,5.900931705,1712.82,656.49,724.62,755.71,801.32,147.99,170.86,520.0,501.0,493.64,361.57,200.5,198.42,5.1,1.57,5.77,0.37,0.27,1.125459091,39.46,39.93,38.3
Jul-2020,2.04,0.2639276521785504,-0.00033561021834404095,93.8,91.4,101.8,97.3,93.2,76.0,7.363340803,1876.87,694.16,683.93,821.11,775.0,152.55,174.94,480.0,467.0,459.7,347.46,212.74,222.13,4.7,1.52,5.61,0.37,0.27,1.14633913,42.07,42.81,40.75
Aug-2020,6.42,0.2639276521785504,-0.00033561021834404095,95.7,91.4,102.1,99.2,98.7,81.1,5.850930835,1876.96,760.3,739.17,866.94,780.05,149.34,189.49,505.0,486.0,480.85,342.73,208.94,223.0,4.63,1.5,6.15,0.39,0.29,1.182809524,43.44,44.26,42.36
Sep-2020,9.49,0.2639276521785504,-0.00033561021834404095,97.9,91.2,102.3,104.3,104.6,79.0,8.035501774,1880.71,796.22,767.84,905.86,763.23,166.08,191.21154887829718,507.0,488.0,483.0,336.39,219.68,247.68,4.6,1.47,6.31,0.39,0.28,1.179240909,40.6,41.09,39.6
Oct-2020,7.54,0.2639276521785504,-0.00033561021834404095,101.3,91.6,104.5,112.1,106.45,84.7,2.821513486,1877.59,819.27,805.91,914.77,733.95,186.75,189.2758902397969,471.0,463.0,454.5,338.0,245.2,272.36,4.42,1.5,6.7,0.38,0.3,1.177518182,39.9,40.47,39.53
Nov-2020,3.37,0.2639276521785504,-0.00033561021834404095,105.5,93.1,105.4,114.8,121.9,87.5,0.119483218,1878.61,917.81,1073.48,973.88,718.04,190.38,189.9674239210022,489.0,480.0,468.48,341.0,247.95,273.0,4.4,1.7,7.29,0.39,0.31,1.183790476,42.3,43.23,41.1
Dec-2020,4.32,0.2639276521785504,-0.00033561021834404095,108.5,94.7,108.7,116.4,131.2,87.1,0.097673468,1977.17,1016.37,1224.87,1026.2,706.09,198.77,191.91131130897412,520.0,508.0,496.55,336.55,251.15,268.55,4.4,1.81,7.09,0.4,0.31,1.216972727,48.73,49.87,47.05
Jan-2021,0.42,0.2639276521785504,-0.00033561021834404095,113.5,95.9,111.1,125.0,138.87,94.2,0.054931857,1988.94,990.27,1368.31,1098.67,703.0,234.47,185.986147578217,545.0,528.0,517.75,335.34,276.45,289.3,4.46,1.81,7.28,0.4,0.34,1.217085,53.6,54.55,52.1
Feb-2021,-2.49,0.2639276521785504,-0.00033561021834404095,116.5,97.7,112.8,126.1,147.46,100.2,0.131636091,1993.21,1019.86,1359.5,1123.5,688.13,245.24,188.65256309595455,557.0,542.0,531.0,343.56,276.63,289.4,4.66,1.81,7.45,0.4,0.36,1.20979,60.46,61.96,59.06
Mar-2021,1.15,0.2639276521785504,-0.00033561021834404095,119.1,100.5,117.2,123.9,159.3,96.2,1.287580594,2006.04,1030.48,1478.59,1284.81,700.0,245.17,190.38811204045427,525.0,515.0,504.13,344.65,272.58,273.13,4.72,1.89,7.99,0.39,0.34,1.189908696,63.83,65.19,62.35
Apr-2021,2.93,0.2639276521785504,-0.00033561021834404095,122.1,104.4,119.0,126.2,162.19,100.0,1.775787228,2020.64,1078.05,1487.14,1386.35,711.71,268.23,187.03656518102454,495.0,484.0,477.38,345.0,281.38,280.95,5.17,2.26,8.37,0.39,0.36,1.19791,62.95,64.77,61.71
May-2021,5.06,0.2639276521785504,-0.00033561021834404095,128.4,108.1,121.2,133.7,174.9,106.8,3.216598128,2072.04,1136.46,1530.5,1574.67,713.0,305.31,189.34326154328397,493.0,483.0,462.75,357.18,270.98,297.25,5.48,2.37,8.8,0.4,0.38,1.214590476,66.4,68.04,65.18
Jun-2021,11.96,0.2639276521785504,-0.00033561021834404095,125.4,110.9,120.1,130.3,157.7,107.7,5.417717758,2078.83,1004.42,1400.45,1518.16,721.57,292.56,189.34326154328397,466.0,455.0,438.59,385.87,263.48,285.55,5.68,2.38,8.86,0.39,0.38,1.204709091,71.8,73.07,71.38
Jul-2021,8.9,0.2639276521785504,-0.00033561021834404095,124.4,113.3,117.2,126.3,155.5,109.6,5.948350953,2092.19,1062.99,1274.09,1468.34,725.0,278.43,189.34326154328397,414.0,407.0,397.0,390.37,254.67,294.27,5.59,2.38,8.99,0.39,0.39,1.182181818,73.28,74.39,72.46
Aug-2021,5.83,0.2639276521785504,-0.00033561021834404095,128.0,113.1,117.2,130.4,165.9,120.5,9.717613199,2102.29,1141.82,1341.14,1433.94,753.83,256.61,189.34326154328397,403.0,392.0,381.0,382.0,276.18,324.52,5.61,2.38,9.05,0.38,0.43,1.177181818,68.87,70.02,67.73
Sep-2021,10.62,0.2639276521785504,-0.00033561021834404095,129.1,112.1,119.2,132.8,168.6,121.2,7.499244943,2109.02,1181.38,1427.27,1398.75,776.0,235.62,189.34326154328397,400.0,391.0,381.27,376.19,263.6,337.55,5.77,1.83,9.08,0.38,0.43,1.177031818,72.8,74.6,71.56
Oct-2021,7.83,0.2639276521785504,-0.00033561021834404095,133.3,111.6,122.6,137.1,184.8,119.1,2.53189381,2133.67,1310.25,1818.33,1483.52,776.0,239.65,189.34326154328397,401.0,395.0,382.71,379.01,258.9923950401555,354.67,5.53,1.76,9.3,0.38,0.42,1.160147619,82.06,83.65,81.32
Nov-2021,7.4,0.2639276521785504,-0.00033561021834404095,135.4,112.4,127.2,141.4,184.6,120.2,0.606314289,2150.21,1340.65,2050.23,1442.96,776.0,248.72,189.34326154328397,400.0,394.0,378.55,383.24,334.5,379.45,5.69,1.55,9.37,0.37,0.43,1.141404545,79.92,80.77,79.18
Dec-2021,11.2,0.2639276521785504,-0.00033561021834404095,133.7,110.5,130.4,140.5,178.5,116.4,0.030123074,2154.06,1270.29,1861.43,1411.21,776.0,264.54,189.34326154328397,400.0,393.0,380.95,380.94,327.82,376.81,5.75,1.47,9.44,0.37,0.42,1.130378261,72.87,74.31,71.53
Jan-2022,15.5,0.2639276521785504,-0.00033561021834404095,135.7,111.7,134.3,140.6,185.9,112.7,0.006214832,2489.88,1344.79,2195.79,1469.56,776.0,276.62,189.34326154328397,427.0,419.0,403.15,395.43,325.16,374.24,5.81,1.36,9.11,0.37,0.4,1.131447619,83.92,85.53,83.12
Feb-2022,4.5,0.2639276521785504,-0.00033561021834404095,141.7,113.7,145.0,145.3,201.7,110.5,0.073847377,2473.1,1522.36,2442.63,1595.74,806.91,292.62,189.34326154328397,427.0,422.0,405.95,409.92,339.35,390.5,5.99,1.45,8.95,0.37,0.39,1.13419,93.54,95.76,91.74
Mar-2022,1.9,0.2639276521785504,-0.00033561021834404095,160.2,119.3,149.6,170.1,251.8,117.9,0.895571328,2153.15,1776.96,2441.48,1956.88,823.0,335.53,189.34326154328397,422.0,419.0,407.13,413.43,446.66,486.3,6.07,1.76,9.13,0.36,0.42,1.101895652,112.4,115.59,108.49
Apr-2022,-1.1,0.2639276521785504,-0.00033561021834404095,158.8,121.3,150.7,169.7,237.5,121.5,3.026048203,2145.25,1682.74,2064.31,1947.51,730.0,348.17,189.34326154328397,431.0,429.0,409.06,419.0,427.31,495.28,5.97,1.87,9.0,0.35,0.43,1.081873684,103.41,105.78,101.78
May-2022,-1.7,0.2639276521785504,-0.00033561021834404095,158.7,122.5,149.7,173.5,229.2,120.4,3.553343348,2146.29,1716.92,1811.19,1962.88,732.1,344.84,189.34326154328397,464.0,458.0,442.86,443.1,438.38,522.29,5.94,1.9,8.71,0.35,0.43,1.05785,110.1,112.37,109.6
Jun-2022,-9.0,0.2639276521785504,-0.00033561021834404095,155.7,125.4,158.2,166.3,211.8,117.3,7.192522073,2146.19,1501.1,1554.5,1751.76,738.26,335.71,189.34326154328397,444.0,441.0,427.55,440.65,379.89,459.59,5.81,1.85,8.46,0.35,0.42,1.056581818,116.8,120.08,114.59
Jul-2022,-5.3,0.2639276521785504,-0.00033561021834404095,141.6,123.3,155.6,147.3,168.8,112.8,5.596174041,2146.19,1056.64,1301.05,1533.4,788.36,322.97,189.34326154328397,418.0,412.0,405.67,401.56,316.69,382.5,5.73,1.72,8.46,0.33,0.4,1.017890476,105.08,108.92,99.85
Aug-2022,-3.9,0.2639276521785504,-0.00033561021834404095,138.7,120.3,153.1,145.6,163.3,110.5,7.707081145,2146.11,1025.95,1173.04,1598.78,833.17,289.84,189.34326154328397,431.0,421.0,412.55,384.65,320.64236847442896,382.86,5.57,1.84,8.53,0.33,0.39,1.012843478,95.97,98.6,91.57
Sep-2022,-7.1,0.2639276521785504,-0.00033561021834404095,137.3,119.9,152.8,147.9,152.6,109.7,7.911760827,2146.13,909.32,1249.29,1548.32,877.14,312.66,189.34326154328397,439.0,428.0,423.36,389.8,311.7848738897099,419.14,5.44,1.75,8.49,0.32,0.39,0.990377273,88.22,90.16,83.87
Oct-2022,-0.8,0.2639276521785504,-0.00033561021834404095,136.7,116.5,149.2,152.3,151.3,108.6,3.196970698,2146.1,888.99,1038.81,1575.9,982.38,343.56,189.34326154328397,431.0,420.0,411.62,395.73,310.3657626801472,437.95,5.33,1.63,7.7,0.32,0.39,0.982566667,90.33,93.13,87.26
Nov-2022,1.2,0.2639276521785504,-0.00033561021834404095,136.0,114.1,147.4,150.1,154.7,114.4,0.308762717,2146.14,945.74,1061.58,1651.6,981.4,320.92,189.34326154328397,440.0,430.0,417.5,399.52,296.6925342119741,422.68,5.07,1.54,6.54,0.33,0.41,1.020127273,87.38,91.07,84.78
Dec-2022,-0.4,0.2639276521785504,-0.00033561021834404095,133.1,111.9,148.6,147.3,144.6,117.2,0.088696295,2146.1,940.39,1067.05,1409.24,1109.11,302.25,189.34326154328397,467.0,457.0,446.39,396.31,301.61200577781835,386.33,4.71,1.55,6.1,0.35,0.42,1.058880952,78.07,80.9,76.52
Jan-2023,-1.8,0.2639276521785504,-0.00033561021834404095,131.4,110.5,144.7,147.5,140.4,116.8,0.040373461,1970.67,941.97,1060.0,1351.77,1170.02,302.78,189.34326154328397,517.0,507.0,484.64,367.95,311.1298111864211,380.36,4.65,1.54,6.11,0.35,0.42,1.0769,80.41,83.09,78.11
Feb-2023,8.9,0.2639276521785504,-0.00033561021834404095,130.7,112.1,138.7,146.7,135.9,125.2,0.181473395,2042.62,949.98,1036.67,1243.01,1276.12,298.18,189.34326154328397,492.0,482.0,468.95,342.62,311.88,394.75,4.65,1.53,6.62,0.35,0.45,1.07151,80.25,82.71,76.84
Mar-2023,10.8,0.2639276521785504,-0.00033561021834404095,128.0,114.1,135.3,138.6,131.8,127.0,1.286010383,2100.41,972.06,1051.75,1113.19,1362.57,282.49,189.34326154328397,476.0,468.0,460.91,341.11,284.68,369.86,4.84,1.52,6.99,0.35,0.45,1.070582609,76.47,78.53,73.37
Apr-2023,4.1,0.2639276521785504,-0.00033561021834404095,128.4,116.0,129.3,136.1,130.0,149.4,2.408106809,2088.26,1005.24,1016.84,1029.97,1611.11,291.11,189.34326154328397,501.0,490.0,482.88,350.94,277.16,378.18,5.3,1.57,7.22,0.36,0.53,1.096772222,82.46,84.11,79.44
May-2023,3.1,0.2639276521785504,-0.00033561021834404095,124.5,117.4,121.7,129.3,118.7,157.2,3.508617395,2016.88,934.06,992.5,988.32,1572.8,268.14,189.34326154328397,510.0,495.0,492.68,358.82,260.51,367.74,5.31,1.54,7.06,0.36,0.56,1.08675,74.12,75.7,71.59
Jun-2023,2.2,0.2639276521785504,-0.00033561021834404095,123.0,118.6,119.9,126.6,115.8,152.2,4.740564872,1971.27,816.97,927.95,1007.12,1584.59,266.87,189.34326154328397,514.0,496.0,495.75,360.16,257.0,345.5,5.01,1.47,6.27,0.35,0.54,1.083986364,73.26,74.89,70.23
Jul-2023,1.3,0.2639276521785504,-0.00033561021834404095,124.4,117.9,119.1,125.9,129.8,146.3,6.936334672,2159.21,878.5,998.1,1135.74,1296.75,242.38,189.34326154328397,547.0,524.0,533.45,362.39,249.85,345.5,4.78,1.37,5.43,0.36,0.52,1.105814286,78.98,80.1,76.39
Aug-2023,-3.82,0.2639276521785504,-0.00033561021834404095,121.8,114.5,114.3,125.0,125.8,148.2,8.133827876,2173.94,860.82,998.41,1126.53,1282.01,207.61,189.34326154328397,635.0,600.0,626.0,350.85,230.81,315.82,4.73,1.42,5.67,0.36,0.53,1.090886957,84.72,86.16,81.4
Sep-2023,-4.95,0.2639276521785504,-0.00033561021834404095,121.7,113.4,112.0,126.3,120.9,162.7,6.883754073,2106.22,829.6,957.64,1111.63,1355.69,223.81,189.34326154328397,620.0,587.0,609.9,325.79,230.55,314.68,4.9,1.54,5.98,0.35,0.58,1.068380952,92.22,94.0,89.58
Oct-2023,-8.3,0.2639276521785504,-0.00033561021834404095,120.7,112.0,114.6,124.8,120.0,159.2,3.322456096,1954.4,804.26,912.38,1133.87,1309.52,230.7,189.34326154328397,590.0,563.0,574.71,328.24,236.65,298.1,4.98,1.58,5.56,0.34,0.57,1.056254545,89.08,91.06,85.57
Nov-2023,-4.41,0.2639276521785504,-0.00033561021834404095,120.6,111.6,116.5,121.0,124.1,161.4,0.583341412,1891.89,830.47,967.5,1118.39,1420.53,211.26,189.34326154328397,598.0,573.0,574.59,337.43,241.03,283.55,4.88,1.67,5.25,0.35,0.57,1.080822727,81.35,83.18,77.43
Dec-2023,-2.54,0.2639276521785504,-0.00033561021834404095,119.1,111.2,118.7,122.8,122.3,134.2,0.044546582,1940.09,813.51,966.19,1062.48,1415.62,206.55,189.34326154328397,644.0,610.0,629.59,348.68,255.03,291.12,4.79,1.63,5.31,0.36,0.48,1.090305263,75.72,77.86,72.08
Jan-2024,-5.51,0.2639276521785504,-0.00033561021834404095,117.6,108.9,118.7,119.9,122.5,136.4,0.008529817,1896.09,844.9,977.5,971.46,1361.83,198.62,189.34326154328397,660.0,620.0,648.86,357.42,247.86,283.91,5.0,1.57,5.29,0.36,0.48,1.090513636,77.67,80.23,73.93
Feb-2024,-2.82,0.2639276521785504,-0.00033561021834404095,117.4,112.5,120.7,113.8,120.9,140.8,0.21993526,1809.43,856.93,1034.17,911.9,1411.73,189.13,189.34326154328397,624.0,594.0,619.9,372.58,246.16,278.5,5.38,1.52,5.2,0.35,0.5,1.079471429,80.55,83.76,76.7
Mar-2024,-2.36,0.2639276521785504,-0.00033561021834404095,118.9,114.9,124.0,110.9,130.6,133.4,0.835303814,1821.63,942.92,1176.9,964.95,1499.12,190.57,189.34326154328397,613.0,584.0,607.72,407.14,228.49,274.83,5.73,1.53,5.19,0.35,0.48,1.08722,83.55,85.45,80.49
Apr-2024,3.32,0.2639276521785504,-0.00033561021834404095,119.2,116.6,123.8,111.6,130.9,126.6,3.147204519,1820.32,935.69,1290.23,958.56,2361.13,191.65,189.34326154328397,592.0,564.0,577.95,438.42,227.81,272.3,6.05,1.44,5.18,0.35,0.45,1.07277619,88.01,90.05,84.59
May-2024,1.1,0.2639276521785504,-0.00033561021834404095,120.5,116.7,126.3,118.7,127.8,117.1,3.929518645,1837.96,859.15,1196.09,988.0,2275.76,197.79,189.34326154328397,628.0,593.0,606.47,449.46,253.16,289.42,5.88,1.51,5.17,0.35,0.42,1.081222727,81.45,82.0,78.81
Jun-2024,-0.1,0.2639276521785504,-0.00033561021834404095,121.0,118.1,127.9,115.2,131.8,119.4,4.993235306,1809.62,873.67,1155.53,1010.68,2079.3,192.51,189.34326154328397,632.0,595.0,613.3,444.19,230.61,265.55,5.85,1.4,5.02,0.35,0.43,1.0759,81.21,82.56,78.89
Jul-2024,0.43,0.2639276521785504,-0.00033561021834404095,120.9,120.0,127.9,110.7,135.0,119.5,6.451839599,1850.74,896.09,1365.0,1079.02,1884.59,177.43,189.34326154328397,590.0,557.0,570.87,448.91,218.84,260.26,6.19,1.33,5.11,0.35,0.43,1.084408696,83.26,85.3,80.54
Aug-2024,6.6,0.2639276521785504,-0.00033561021834404095,121.7,122.0,131.3,110.2,136.1,113.9,6.546983608,1757.94,932.63,1480.0,1031.38,1556.87,170.32,189.34326154328397,589.0,560.0,566.7,462.66,205.77,250.85,6.34,1.38,5.24,0.36,0.41,1.101218182,78.12,80.86,75.55
Sep-2024,6.0,0.2639276521785504,-0.00033561021834404095,124.6,119.9,136.5,113.6,142.4,126.3,6.555730983,1770.68,982.83,1515.0,1043.81,1496.22,184.97,189.34326154328397,580.0,556.0,564.25,459.17,219.21,269.69,6.3,1.45,5.49,0.36,0.45,1.1106,72.42,74.29,69.55
Oct-2024,4.4,0.2639276521785504,-0.00033561021834404095,126.9,119.2,139.0,114.4,152.7,129.6,5.321316593,1750.37,1077.25,1636.19,1094.89,1304.75,190.34,189.34326154328397,515.0,499.0,504.81,469.5,233.34,272.85,6.06,1.48,5.6,0.36,0.46,1.090434783,73.97,75.66,71.6
Nov-2024,0.7,0.2639276521785504,-0.00033561021834404095,127.7,118.7,140.0,111.4,164.1,126.4,0.119547354,1733.86,1168.59,2015.31,1145.17,1359.15,201.33,189.34326154328397,511.0,487.0,489.6,477.39,229.02,253.75,6.18,1.52,5.83,0.35,0.45,1.063014286,72.29,74.4,69.69
Dec-2024,-1.9,0.2639276521785504,-0.00033561021834404095,127.4,119.6,141.9,111.4,162.1,119.3,0.049553773,1687.54,1189.73,2098.85,1063.63,1347.28,202.6,189.34326154328397,527.0,500.0,501.94,490.98,230.28,252.17,6.23,1.42,5.84,0.34,0.44,1.047875,72.31,73.83,69.79
Jan-2025,1.6,0.2639276521785504,-0.00033561021834404095,124.7,116.7,143.1,111.8,153.0,111.2,0.0449613,1649.018764490583,1189.4785632213411,2055.182864023817,1018.0755471784779,1233.8,203.46176920798618,189.34326154328397,537.1870843159361,516.209107841437,509.81731497111923,500.48,225.44205144645076,251.58533580640088,6.2198764264640545,1.4071319361878474,5.853704375224406,0.3389114841837485,0.4346270999457046,1.035372727,71.68524173804492,73.21542398741168,69.22026409826762
Feb-2025,0.4,0.2639276521785504,-0.00033561021834404095,126.6,116.9,147.7,112.6,156.0,118.5,0.433495847,1699.168704227685,1178.2910259498021,2129.1795833206575,1047.5528841786627,1218.34,202.54342612508853,189.34326154328397,527.7098558187504,504.88593604229254,503.4922491604831,498.38,234.09713654440213,254.47460213993406,6.209828373018274,1.4188878659456374,5.849709749444372,0.340581961937509,0.4374927455993601,1.04125,72.86865957460262,74.08811445866272,70.3326053285615
Mar-2025,0.9247976924009382,0.2639276521785504,-0.00033561021834404095,127.2,118.3,148.7,109.7,161.8,116.9,1.864728718,1674.1362286275048,1172.823661450811,2082.4586285400555,1076.674113986338,1158.6,202.48184343211616,189.34326154328397,523.2739232556278,498.35753967321,501.39259159227015,488.17,234.96255483141655,256.4458439377071,6.218253970791146,1.460123109396648,5.849709749444372,0.340581961937509,0.4374927455993601,1.080680952,72.82717198520483,74.48955482563365,70.42581743676853
Apr-2025,0.18868017344236532,0.2639276521785504,-0.00033561021834404095,128.2,121.6,151.7,110.9,158.0,112.3,2.767054863,1680.5015931039102,1172.8641318554266,2031.2101419560888,1072.6583486680825,1075.05,202.40947728664617,189.34326154328397,534.8016978932532,500.3791392833799,507.41628437873135,477.7,230.23436864171785,248.67373093699877,6.218253970791146,1.4390799089888922,5.849709749444372,0.340581961937509,0.4374927455993601,1.121395,71.73336730309643,73.28588692985639,69.16431372835707
May-2025,0.9143324053509807,0.2639276521785504,-0.00033561021834404095,127.1,122.8,153.6,109.0,152.2,109.4,3.313840528,1682.320839546668,1173.8354656307715,2024.6724892697,1041.8050906641088,1034.83,201.81015218203203,189.34326154328397,530.4477213624378,499.1340701783779,504.70343758314164,474.0,227.7447034954122,248.43624866148312,6.218253970791146,1.4390799089888922,5.849709749444372,0.340581961937509,0.4374927455993601,1.127804762,72.51369323892189,74.05506810215539,69.95736686116341
Jun-2025,0.4925205610779815,0.2639276521785504,-0.00033561021834404095,128.0,125.8,155.5,107.3,155.7,103.6,3.592099755,1686.455655350982,1177.9070501188703,2049.892765637083,1065.0168111684982,961.79,202.56876883301535,189.34326154328397,524.1650729409592,498.3685010035319,500.0439763277782,436.17,228.75786896127084,253.24721245600392,6.218253970791146,1.4390799089888922,5.849709749444372,0.340581961937509,0.4374927455993601,1.151619048,72.16203776933672,73.76462436373794,69.65954951835933
Jul-2025,0.7296231409286281,0.2639276521785504,-0.00033561021834404095,130.1,127.3,155.3,106.5,166.8,103.3,6.188358714,1681.8055585847835,1178.5909876559717,2076.60646852081,1067.3918182836924,910.95,202.07201237119074,189.34326154328397,524.9036402772153,498.71336222808355,500.259582755417,384.46,230.50701833833233,252.83897431951192,6.218253970791146,1.4390799089888922,5.849709749444372,0.340581961937509,0.4374927455993601,1.167686957,72.23266760800499,73.7613080373058,69.68967151678278
